kegg_function,kegg
Nucleic acid biosynthesis,K00764
Nucleic acid biosynthesis,K01945
Nucleic acid biosynthesis,K11787
Nucleic acid biosynthesis,K11788
Nucleic acid biosynthesis,K13713
Nucleic acid biosynthesis,K00601
Nucleic acid biosynthesis,K11175
Nucleic acid biosynthesis,K08289
Nucleic acid biosynthesis,K11787
Nucleic acid biosynthesis,K01492
Nucleic acid biosynthesis,K01952
Nucleic acid biosynthesis,K23269
Nucleic acid biosynthesis,K23264
Nucleic acid biosynthesis,K23265
Nucleic acid biosynthesis,K23270
Nucleic acid biosynthesis,K23265
Nucleic acid biosynthesis,K01933
Nucleic acid biosynthesis,K11787
Nucleic acid biosynthesis,K11788
Nucleic acid biosynthesis,K01587
Nucleic acid biosynthesis,K11808
Nucleic acid biosynthesis,K01589
Nucleic acid biosynthesis,K01588
Nucleic acid biosynthesis,K01923
Nucleic acid biosynthesis,K01587
Nucleic acid biosynthesis,K13713
Nucleic acid biosynthesis,K01756
Nucleic acid biosynthesis,K00602
Nucleic acid biosynthesis,K01492
Nucleic acid biosynthesis,K06863
Nucleic acid biosynthesis,K11176
Nucleic acid biosynthesis,K11540
Nucleic acid biosynthesis,K11541
Nucleic acid biosynthesis,K01465
Nucleic acid biosynthesis,K01954
Nucleic acid biosynthesis,K01955
Nucleic acid biosynthesis,K01956
Nucleic acid biosynthesis,K00609
Nucleic acid biosynthesis,K00610
Nucleic acid biosynthesis,K00608
Nucleic acid biosynthesis,K01465
Nucleic acid biosynthesis,K00226
Nucleic acid biosynthesis,K00254
Nucleic acid biosynthesis,K17828
Nucleic acid biosynthesis,K13421
Nucleic acid biosynthesis,K00762
Nucleic acid biosynthesis,K01591
Nucleic acid biosynthesis,K13800
Nucleic acid biosynthesis,K13809
Nucleic acid biosynthesis,K09903
Nucleic acid biosynthesis,K00940
Nucleic acid biosynthesis,K18533
Nucleic acid biosynthesis,K01937
Nucleic acid biosynthesis,K01939
Nucleic acid biosynthesis,K01756
Nucleic acid biosynthesis,K00939
Nucleic acid biosynthesis,K18532
Nucleic acid biosynthesis,K18533
Nucleic acid biosynthesis,K00944
Nucleic acid biosynthesis,K00940
Nucleic acid biosynthesis,K00088
Nucleic acid biosynthesis,K01951
Nucleic acid biosynthesis,K00942
Nucleic acid biosynthesis,K00940
Nucleic acid biosynthesis,K18533
Amino acid biosynthesis,K00058
Amino acid biosynthesis,K00831
Amino acid biosynthesis,K01079
Amino acid biosynthesis,K02203
Amino acid biosynthesis,K22305
Amino acid biosynthesis,K25528
Amino acid biosynthesis,K00928
Amino acid biosynthesis,K12524
Amino acid biosynthesis,K12525
Amino acid biosynthesis,K12526
Amino acid biosynthesis,K00133
Amino acid biosynthesis,K00003
Amino acid biosynthesis,K12524
Amino acid biosynthesis,K12525
Amino acid biosynthesis,K00872
Amino acid biosynthesis,K02204
Amino acid biosynthesis,K02203
Amino acid biosynthesis,K01733
Amino acid biosynthesis,K00640
Amino acid biosynthesis,K23304
Amino acid biosynthesis,K01738
Amino acid biosynthesis,K13034
Amino acid biosynthesis,K17069
Amino acid biosynthesis,K01697
Amino acid biosynthesis,K10150
Amino acid biosynthesis,K01758
Amino acid biosynthesis,K00789
Amino acid biosynthesis,K17462
Amino acid biosynthesis,K01243
Amino acid biosynthesis,K07173
Amino acid biosynthesis,K17216
Amino acid biosynthesis,K17217
Amino acid biosynthesis,K00928
Amino acid biosynthesis,K12524
Amino acid biosynthesis,K12525
Amino acid biosynthesis,K00133
Amino acid biosynthesis,K00003
Amino acid biosynthesis,K12524
Amino acid biosynthesis,K12525
Amino acid biosynthesis,K00651
Amino acid biosynthesis,K00641
Amino acid biosynthesis,K01739
Amino acid biosynthesis,K01760
Amino acid biosynthesis,K14155
Amino acid biosynthesis,K00548
Amino acid biosynthesis,K24042
Amino acid biosynthesis,K00549
Amino acid biosynthesis,K01652
Amino acid biosynthesis,K01653
Amino acid biosynthesis,K11258
Amino acid biosynthesis,K00053
Amino acid biosynthesis,K01687
Amino acid biosynthesis,K00826
Amino acid biosynthesis,K01703
Amino acid biosynthesis,K01704
Amino acid biosynthesis,K00052
Amino acid biosynthesis,K17989
Amino acid biosynthesis,K01754
Amino acid biosynthesis,K01652
Amino acid biosynthesis,K01653
Amino acid biosynthesis,K11258
Amino acid biosynthesis,K00053
Amino acid biosynthesis,K01687
Amino acid biosynthesis,K00826
Amino acid biosynthesis,K01649
Amino acid biosynthesis,K01702
Amino acid biosynthesis,K01703
Amino acid biosynthesis,K01704
Amino acid biosynthesis,K00052
Amino acid biosynthesis,K00928
Amino acid biosynthesis,K12524
Amino acid biosynthesis,K12525
Amino acid biosynthesis,K12526
Amino acid biosynthesis,K00133
Amino acid biosynthesis,K01714
Amino acid biosynthesis,K00215
Amino acid biosynthesis,K00674
Amino acid biosynthesis,K00821
Amino acid biosynthesis,K14267
Amino acid biosynthesis,K01439
Amino acid biosynthesis,K01778
Amino acid biosynthesis,K01586
Amino acid biosynthesis,K12526
Amino acid biosynthesis,K00928
Amino acid biosynthesis,K00133
Amino acid biosynthesis,K01714
Amino acid biosynthesis,K00215
Amino acid biosynthesis,K05822
Amino acid biosynthesis,K00841
Amino acid biosynthesis,K05823
Amino acid biosynthesis,K01778
Amino acid biosynthesis,K01586
Amino acid biosynthesis,K00928
Amino acid biosynthesis,K12524
Amino acid biosynthesis,K12525
Amino acid biosynthesis,K12526
Amino acid biosynthesis,K00133
Amino acid biosynthesis,K01714
Amino acid biosynthesis,K00215
Amino acid biosynthesis,K03340
Amino acid biosynthesis,K01586
Amino acid biosynthesis,K12526
Amino acid biosynthesis,K00928
Amino acid biosynthesis,K12524
Amino acid biosynthesis,K12525
Amino acid biosynthesis,K12526
Amino acid biosynthesis,K00133
Amino acid biosynthesis,K01714
Amino acid biosynthesis,K00215
Amino acid biosynthesis,K10206
Amino acid biosynthesis,K01778
Amino acid biosynthesis,K01586
Amino acid biosynthesis,K12526
Amino acid biosynthesis,K01655
Amino acid biosynthesis,K17450
Amino acid biosynthesis,K01705
Amino acid biosynthesis,K16792
Amino acid biosynthesis,K16793
Amino acid biosynthesis,K05824
Amino acid biosynthesis,K05827
Amino acid biosynthesis,K05828
Amino acid biosynthesis,K05829
Amino acid biosynthesis,K05830
Amino acid biosynthesis,K05831
Amino acid biosynthesis,K00611
Amino acid biosynthesis,K01940
Amino acid biosynthesis,K01755
Amino acid biosynthesis,K14681
Amino acid biosynthesis,K22478
Amino acid biosynthesis,K00145
Amino acid biosynthesis,K00821
Amino acid biosynthesis,K09065
Amino acid biosynthesis,K01438
Amino acid biosynthesis,K01940
Amino acid biosynthesis,K01755
Amino acid biosynthesis,K00931
Amino acid biosynthesis,K00147
Amino acid biosynthesis,K12657
Amino acid biosynthesis,K00286
Amino acid biosynthesis,K00673
Amino acid biosynthesis,K01484
Amino acid biosynthesis,K00840
Amino acid biosynthesis,K06447
Amino acid biosynthesis,K05526
Amino acid biosynthesis,K01745
Amino acid biosynthesis,K01712
Amino acid biosynthesis,K01468
Amino acid biosynthesis,K01479
Amino acid biosynthesis,K00603
Amino acid biosynthesis,K13990
Amino acid biosynthesis,K05603
Amino acid biosynthesis,K01458
Amino acid biosynthesis,K00765
Amino acid biosynthesis,K01523
Amino acid biosynthesis,K01496
Amino acid biosynthesis,K11755
Amino acid biosynthesis,K14152
Amino acid biosynthesis,K01814
Amino acid biosynthesis,K24017
Amino acid biosynthesis,K02501
Amino acid biosynthesis,K02500
Amino acid biosynthesis,K01663
Amino acid biosynthesis,K01693
Amino acid biosynthesis,K00817
Amino acid biosynthesis,K04486
Amino acid biosynthesis,K05602
Amino acid biosynthesis,K18649
Amino acid biosynthesis,K01089
Amino acid biosynthesis,K00817
Amino acid biosynthesis,K00013
Amino acid biosynthesis,K14152
Amino acid biosynthesis,K01657
Amino acid biosynthesis,K01658
Amino acid biosynthesis,K13503
Amino acid biosynthesis,K13501
Amino acid biosynthesis,K01656
Amino acid biosynthesis,K00766
Amino acid biosynthesis,K13497
Amino acid biosynthesis,K01817
Amino acid biosynthesis,K24017
Amino acid biosynthesis,K01656
Amino acid biosynthesis,K01609
Amino acid biosynthesis,K13498
Amino acid biosynthesis,K13501
Amino acid biosynthesis,K01695
Amino acid biosynthesis,K01696
Amino acid biosynthesis,K06001
Amino acid biosynthesis,K01694
Amino acid biosynthesis,K01850
Amino acid biosynthesis,K04092
Amino acid biosynthesis,K14187
Amino acid biosynthesis,K04093
Amino acid biosynthesis,K04516
Amino acid biosynthesis,K06208
Amino acid biosynthesis,K06209
Amino acid biosynthesis,K01713
Amino acid biosynthesis,K04518
Amino acid biosynthesis,K05359
Amino acid biosynthesis,K14170
Amino acid biosynthesis,K00832
Amino acid biosynthesis,K00838
Amino acid biosynthesis,K01850
Amino acid biosynthesis,K04092
Amino acid biosynthesis,K14170
Amino acid biosynthesis,K04093
Amino acid biosynthesis,K04516
Amino acid biosynthesis,K06208
Amino acid biosynthesis,K06209
Amino acid biosynthesis,K04517
Amino acid biosynthesis,K00211
Amino acid biosynthesis,K14187
Amino acid biosynthesis,K00832
Amino acid biosynthesis,K00838
Amino acid biosynthesis,K01850
Amino acid biosynthesis,K04092
Amino acid biosynthesis,K14170
Amino acid biosynthesis,K00832
Amino acid biosynthesis,K15849
Amino acid biosynthesis,K00220
Amino acid biosynthesis,K24018
Amino acid biosynthesis,K15227
Amino acid biosynthesis,K09470
Amino acid biosynthesis,K09471
Amino acid biosynthesis,K09472
Amino acid biosynthesis,K09473
Amino acid biosynthesis,K00207
Amino acid biosynthesis,K17722
Amino acid biosynthesis,K17723
Amino acid biosynthesis,K01464
Amino acid biosynthesis,K01431
Amino acid biosynthesis,K06016
Amino acid biosynthesis,6.2.1.17
Amino acid biosynthesis,1.3.8.1
Amino acid biosynthesis,4.2.1.116
Amino acid biosynthesis,3.1.2.4
Amino acid biosynthesis,1.1.1.59
Amino acid biosynthesis,2.6.1.18
Amino acid biosynthesis,K00618
Amino acid biosynthesis,K00619
Amino acid biosynthesis,K14681
Amino acid biosynthesis,K14682
Amino acid biosynthesis,K00620
Amino acid biosynthesis,K22477
Amino acid biosynthesis,K22478
Amino acid biosynthesis,K00930
Amino acid biosynthesis,K22478
Amino acid biosynthesis,K00145
Amino acid biosynthesis,K12659
Amino acid biosynthesis,K00818
Amino acid biosynthesis,K00821
Amino acid biosynthesis,K01438
Amino acid biosynthesis,K14677
Amino acid biosynthesis,K00620
Amino acid biosynthesis,K19412
Amino acid biosynthesis,K05828
Amino acid biosynthesis,K05829
Amino acid biosynthesis,K05830
Amino acid biosynthesis,K05831
Amino acid biosynthesis,2.3.1.1
Amino acid biosynthesis,2.7.2.8
Amino acid biosynthesis,1.2.1.38
Amino acid biosynthesis,2.6.1.11
Amino acid biosynthesis,3.5.1.16
Amino acid derivative biosynthesis,1.1.99.1
Amino acid derivative biosynthesis,1.2.1.8
Amino acid derivative biosynthesis,2.1.1.156
Amino acid derivative biosynthesis,2.1.1.157
Amino acid derivative biosynthesis,K00928
Amino acid derivative biosynthesis,K00133
Amino acid derivative biosynthesis,K00836
Amino acid derivative biosynthesis,K06718
Amino acid derivative biosynthesis,K06720
Amino acid derivative biosynthesis,K01583
Amino acid derivative biosynthesis,K01584
Amino acid derivative biosynthesis,K01585
Amino acid derivative biosynthesis,K02626
Amino acid derivative biosynthesis,K01480
Amino acid derivative biosynthesis,K01476
Amino acid derivative biosynthesis,K01581
Amino acid derivative biosynthesis,4.1.1.28
Amino acid derivative biosynthesis,4.1.1.105
SCFA biosynthesis,K00625
SCFA biosynthesis,K13788
SCFA biosynthesis,K15024
SCFA biosynthesis,K00925
SCFA biosynthesis,K01067
SCFA biosynthesis,5.4.3.2
SCFA biosynthesis,5.4.3.3
SCFA biosynthesis,1.4.1.11
SCFA biosynthesis,2.3.1.247
SCFA biosynthesis,1.3.1.109
SCFA biosynthesis,2.8.3.9
SCFA biosynthesis,2.3.1.9
SCFA biosynthesis,2.3.1.16
SCFA biosynthesis,2.3.1.8
SCFA biosynthesis,2.7.2.1
SCFA biosynthesis,2.7.2.15
SCFA biosynthesis,1.21.4.2
SCFA biosynthesis,2.7.2.1
SCFA biosynthesis,2.7.2.15
SCFA biosynthesis,1.2.7.1
SCFA biosynthesis,1.2.1.104
SCFA biosynthesis,2.3.1.8
SCFA biosynthesis,2.7.2.1
SCFA biosynthesis,2.7.2.15
SCFA biosynthesis,1.2.7.1
SCFA biosynthesis,2.3.1.9
SCFA biosynthesis,2.3.1.16
SCFA biosynthesis,1.1.1.35
SCFA biosynthesis,4.2.1.150
SCFA biosynthesis,1.3.1.109
SCFA biosynthesis,2.3.1.19
SCFA biosynthesis,2.7.2.7
SCFA biosynthesis,2.7.2.14
SCFA biosynthesis,2.3.1.8
SCFA biosynthesis,2.7.2.1
SCFA biosynthesis,2.7.2.15
SCFA biosynthesis,2.8.3.1
SCFA biosynthesis,2.8.3.8
SCFA biosynthesis,2.3.1.9
SCFA biosynthesis,2.3.1.16
SCFA biosynthesis,1.1.1.36
SCFA biosynthesis,4.2.1.55
SCFA biosynthesis,1.3.1.109
SCFA biosynthesis,2.8.3.1
SCFA biosynthesis,2.8.3.8
SCFA biosynthesis,1.4.1.2
SCFA biosynthesis,1.1.1.399
SCFA biosynthesis,2.8.3.12
SCFA biosynthesis,4.2.1.167
SCFA biosynthesis,7.2.4.5
SCFA biosynthesis,1.3.1.109
SCFA biosynthesis,2.8.3.1
SCFA biosynthesis,2.8.3.8
SCFA biosynthesis,5.4.3.2
SCFA biosynthesis,5.4.3.3
SCFA biosynthesis,1.4.1.11
SCFA biosynthesis,2.3.1.247
SCFA biosynthesis,1.3.1.109
SCFA biosynthesis,2.8.3.9
SCFA biosynthesis,2.8.3.18
SCFA biosynthesis,1.2.1.76
SCFA biosynthesis,1.1.1.61
SCFA biosynthesis,2.8.3.M6
SCFA biosynthesis,4.2.1.120
SCFA biosynthesis,1.3.1.109
SCFA biosynthesis,2.8.3.1
SCFA biosynthesis,2.8.3.8
SCFA biosynthesis,1.4.1.2
SCFA biosynthesis,1.1.1.399
SCFA biosynthesis,2.8.3.12
SCFA biosynthesis,4.2.1.167
SCFA biosynthesis,7.2.4.5
SCFA biosynthesis,1.3.1.109
SCFA biosynthesis,2.8.3.1
SCFA biosynthesis,2.8.3.8
SCFA biosynthesis,1.4.1.2
SCFA biosynthesis,1.1.1.399
SCFA biosynthesis,2.8.3.12
SCFA biosynthesis,4.2.1.167
SCFA biosynthesis,7.2.4.5
SCFA biosynthesis,1.3.1.109
SCFA biosynthesis,2.8.3.1
SCFA biosynthesis,2.8.3.8
SCFA biosynthesis,4.2.1.28
SCFA biosynthesis,1.1.1.1
SCFA biosynthesis,1.2.1.87
SCFA biosynthesis,2.3.1.222
SCFA biosynthesis,2.7.2.1
SCFA biosynthesis,2.7.2.7
SCFA biosynthesis,2.7.2.14
SCFA biosynthesis,2.7.2.15
SCFA biosynthesis,4.3.1.19
SCFA biosynthesis,2.3.1.222
SCFA biosynthesis,2.7.2.1
SCFA biosynthesis,2.7.2.7
SCFA biosynthesis,2.7.2.14
SCFA biosynthesis,2.7.2.15
SCFA biosynthesis,2.1.3.1
SCFA biosynthesis,1.1.1.37
SCFA biosynthesis,4.2.1.2
SCFA biosynthesis,1.3.5.1
SCFA biosynthesis,2.8.3.27
SCFA biosynthesis,2.8.3.1
SCFA biosynthesis,4.2.1.54
SCFA biosynthesis,1.3.1.95
SCFA biosynthesis,2.8.3.1
SCFA biosynthesis,2.6.1.2
SCFA biosynthesis,1.1.1.28
SCFA biosynthesis,2.8.3.1
SCFA biosynthesis,4.2.1.54
SCFA biosynthesis,1.3.1.95
SCFA biosynthesis,2.8.3.1
Organic anion biosynthesis,K01647
Organic anion biosynthesis,K05942
Organic anion biosynthesis,K01681
Organic anion biosynthesis,K01682
Organic anion biosynthesis,K00031
Organic anion biosynthesis,K00030
Organic anion biosynthesis,K00164
Organic anion biosynthesis,K00658
Organic anion biosynthesis,K01616
Organic anion biosynthesis,K00382
Organic anion biosynthesis,K00174
Organic anion biosynthesis,K00175
Organic anion biosynthesis,K01902
Organic anion biosynthesis,K01903
Organic anion biosynthesis,K01899
Organic anion biosynthesis,K01900
Organic anion biosynthesis,K18118
Organic anion biosynthesis,K00234
Organic anion biosynthesis,K00235
Organic anion biosynthesis,K00236
Organic anion biosynthesis,K00237
Organic anion biosynthesis,K25801
Organic anion biosynthesis,K00239
Organic anion biosynthesis,K00240
Organic anion biosynthesis,K00241
Organic anion biosynthesis,K00244
Organic anion biosynthesis,K00245
Organic anion biosynthesis,K00246
Organic anion biosynthesis,K01676
Organic anion biosynthesis,K01679
Organic anion biosynthesis,K01677
Organic anion biosynthesis,K01678
Organic anion biosynthesis,K00026
Organic anion biosynthesis,K00025
Organic anion biosynthesis,K00024
Organic anion biosynthesis,K00116
Organic anion biosynthesis,K00164+K00658
Organic anion biosynthesis,K01616+K00382
Organic anion biosynthesis,K00174
Organic anion biosynthesis,K01902+K01903
Organic anion biosynthesis,K01899+K01900
Organic anion biosynthesis,K18118
Organic anion biosynthesis,K00234+K00235+K00236+K00237
Organic anion biosynthesis,K25801
Organic anion biosynthesis,K00239+K00240+K00241
Organic anion biosynthesis,K00244+K00245+K00246
Organic anion biosynthesis,K01676
Organic anion biosynthesis,K01679
Organic anion biosynthesis,K01677+K01678
Organic anion biosynthesis,K00026
Organic anion biosynthesis,K00025
Organic anion biosynthesis,K00024
Organic anion biosynthesis,K00116
Organic anion biosynthesis,K01580
Organic anion biosynthesis,K13524
Organic anion biosynthesis,K07250
Organic anion biosynthesis,K00823
Organic anion biosynthesis,K16871
Organic anion biosynthesis,K00135
Organic anion biosynthesis,K00139
Organic anion biosynthesis,K17761
Organic anion biosynthesis,K00169+K00170+K00171+K00172
Organic anion biosynthesis,K01007
Organic anion biosynthesis,K01595
Organic anion biosynthesis,K00024
Organic anion biosynthesis,K01677+K01678
Organic anion biosynthesis,K00239+K00240
Organic anion biosynthesis,K01902+K01903
Organic anion biosynthesis,K15038
Organic anion biosynthesis,K15017
Organic anion biosynthesis,K14465
Organic anion biosynthesis,K14467
Organic anion biosynthesis,K18861
Organic anion biosynthesis,K14534
Organic anion biosynthesis,K15016
Organic anion biosynthesis,K00626
Organic anion biosynthesis,K02160+K01961+K01962+K01963
Organic anion biosynthesis,K14468
Organic anion biosynthesis,K14469
Organic anion biosynthesis,K15052
Organic anion biosynthesis,K05606
Organic anion biosynthesis,K01847
Organic anion biosynthesis,K01848+K01849
Organic anion biosynthesis,K14471+K14472
Organic anion biosynthesis,K00239+K00240+K00241
Organic anion biosynthesis,K01679
Organic anion biosynthesis,K08691
Organic anion biosynthesis,K14449
Organic anion biosynthesis,K14470
Organic anion biosynthesis,K09709
Organic anion biosynthesis,K00169+K00170+K00171+K00172
Organic anion biosynthesis,K01959+K01960
Organic anion biosynthesis,K00024
Organic anion biosynthesis,K01677+K01678
Organic anion biosynthesis,K18209+K18210
Organic anion biosynthesis,K01902+K01903
Organic anion biosynthesis,K00174+K00175+K00176+K00177
Organic anion biosynthesis,K01647
Organic anion biosynthesis,K05942
Organic anion biosynthesis,K01681
Organic anion biosynthesis,K01682
Organic anion biosynthesis,K00031
Organic anion biosynthesis,K00030
Organic anion biosynthesis,K00164+K00658
Organic anion biosynthesis,K01616+K00382
Organic anion biosynthesis,K00174+K00175
Organic anion biosynthesis,K01902+K01903
Organic anion biosynthesis,K01899+K01900
Organic anion biosynthesis,K18118
Organic anion biosynthesis,K00234+K00235+K00236+K00237
Organic anion biosynthesis,K25801
Organic anion biosynthesis,K00239+K00240+K00241
Organic anion biosynthesis,K00244+K00245+K00246
Organic anion biosynthesis,K01676
Organic anion biosynthesis,K01679
Organic anion biosynthesis,K01677+K01678
Organic anion biosynthesis,K00026
Organic anion biosynthesis,K00025
Organic anion biosynthesis,K00024
Organic anion biosynthesis,K00116
Organic anion biosynthesis,K00164+K00658
Organic anion biosynthesis,K01616+K00382
Organic anion biosynthesis,K00174
Organic anion biosynthesis,K01902+K01903
Organic anion biosynthesis,K01899+K01900
Organic anion biosynthesis,K18118
Organic anion biosynthesis,K00234+K00235+K00236+K00237
Organic anion biosynthesis,K25801
Organic anion biosynthesis,K00239+K00240+K00241
Organic anion biosynthesis,K00244+K00245+K00246
Organic anion biosynthesis,K01676
Organic anion biosynthesis,K01679
Organic anion biosynthesis,K01677+K01678
Organic anion biosynthesis,K00026
Organic anion biosynthesis,K00025
Organic anion biosynthesis,K00024
Organic anion biosynthesis,K00116
Organic anion biosynthesis,K01948
Organic anion biosynthesis,K00611
Organic anion biosynthesis,K01940
Organic anion biosynthesis,K01755
Organic anion biosynthesis,K14681
Organic anion biosynthesis,K01476
Organic anion biosynthesis,K00815
Organic anion biosynthesis,K00838
Organic anion biosynthesis,K00832
Organic anion biosynthesis,K03334
Organic anion biosynthesis,K00457
Organic anion biosynthesis,K00451
Organic anion biosynthesis,K01800
Organic anion biosynthesis,K01555
Organic anion biosynthesis,K16171
Organic anion biosynthesis,K00241+K00242
Organic anion biosynthesis,K18859
Organic anion biosynthesis,K18860+K00239+K00240
Organic anion biosynthesis,K00244+K00245+K00246+K00247
Organic anion biosynthesis,K00169+K00170+K00171+K00172
Organic anion biosynthesis,K01007
Organic anion biosynthesis,K01595
Organic anion biosynthesis,K00024
Organic anion biosynthesis,K01677+K01678
Organic anion biosynthesis,K00239+K00240
Organic anion biosynthesis,K01902+K01903
Organic anion biosynthesis,K15038
Organic anion biosynthesis,K15017
Organic anion biosynthesis,K14465
Organic anion biosynthesis,K14467
Organic anion biosynthesis,K18861
Organic anion biosynthesis,K14534
Organic anion biosynthesis,K15016
Organic anion biosynthesis,K00626
Organic anion biosynthesis,K02160+K01961+K01962+K01963
Organic anion biosynthesis,K14468
Organic anion biosynthesis,K14469
Organic anion biosynthesis,K15052
Organic anion biosynthesis,K05606
Organic anion biosynthesis,K01847
Organic anion biosynthesis,K01848+K01849
Organic anion biosynthesis,K14471+K14472
Organic anion biosynthesis,K00239+K00240+K00241
Organic anion biosynthesis,K01679
Organic anion biosynthesis,K08691
Organic anion biosynthesis,K14449
Organic anion biosynthesis,K14470
Organic anion biosynthesis,K09709
Organic anion biosynthesis,K00169+K00170+K00171+K00172
Organic anion biosynthesis,K01959+K01960
Organic anion biosynthesis,K00024
Organic anion biosynthesis,K01677+K01678
Organic anion biosynthesis,K18209+K18210
Organic anion biosynthesis,K01902+K01903
Organic anion biosynthesis,K00174+K00175+K00176+K00177
Organic anion biosynthesis,K18029+K18030
Organic anion biosynthesis,K14974
Organic anion biosynthesis,K18028
Organic anion biosynthesis,K15357
Organic anion biosynthesis,K13995
Organic anion biosynthesis,K01799
Organic anion biosynthesis,K00611
Organic anion biosynthesis,K01940
Organic anion biosynthesis,K01755
Organic anion biosynthesis,K14681
Organic anion biosynthesis,K22478
Organic anion biosynthesis,K00145
Organic anion biosynthesis,K00821
Organic anion biosynthesis,K09065
Organic anion biosynthesis,K01438
Organic anion biosynthesis,K01940
Organic anion biosynthesis,K01755
Organic anion biosynthesis,2.6.1.1
Organic anion biosynthesis,2.6.1.5
Organic anion biosynthesis,2.6.1.27
Organic anion biosynthesis,2.6.1.57
Organic anion biosynthesis,1.13.11.27
Organic anion biosynthesis,1.13.11.5
Organic anion biosynthesis,5.2.1.2
Organic anion biosynthesis,3.7.1.2
Organic anion biosynthesis,K01647
Organic anion biosynthesis,K05942
Organic anion biosynthesis,K01681
Organic anion biosynthesis,K01682
Organic anion biosynthesis,K00031
Organic anion biosynthesis,K00030
Organic anion biosynthesis,K00164+K00658
Organic anion biosynthesis,K01616+K00382
Organic anion biosynthesis,K00174+K00175
Organic anion biosynthesis,K01902+K01903
Organic anion biosynthesis,K01899+K01900
Organic anion biosynthesis,K18118
Organic anion biosynthesis,K00234+K00235+K00236+K00237
Organic anion biosynthesis,K25801
Organic anion biosynthesis,K00239+K00240+K00241
Organic anion biosynthesis,K00244+K00245+K00246
Organic anion biosynthesis,K01676
Organic anion biosynthesis,K01679
Organic anion biosynthesis,K01677+K01678
Organic anion biosynthesis,K00026
Organic anion biosynthesis,K00025
Organic anion biosynthesis,K00024
Organic anion biosynthesis,K00116
Organic anion biosynthesis,K01647
Organic anion biosynthesis,K05942
Organic anion biosynthesis,K01681
Organic anion biosynthesis,K01682
Organic anion biosynthesis,K00031
Organic anion biosynthesis,K00030
Organic anion biosynthesis,K01647
Organic anion biosynthesis,K01681
Organic anion biosynthesis,K01682
Organic anion biosynthesis,K01637
Organic anion biosynthesis,K01638
Organic anion biosynthesis,K19282
Organic anion biosynthesis,K00026
Organic anion biosynthesis,K00025
Organic anion biosynthesis,K00024
Organic anion biosynthesis,K01647
Organic anion biosynthesis,K01681
Organic anion biosynthesis,K00031
Organic anion biosynthesis,K00261
Organic anion biosynthesis,K19268+K01846
Organic anion biosynthesis,K04835
Organic anion biosynthesis,K19280
Organic anion biosynthesis,K14449
Organic anion biosynthesis,K19281
Organic anion biosynthesis,K19282
Organic anion biosynthesis,K00024
Organic anion biosynthesis,1.1.1.27
Organic anion biosynthesis,1.1.1.22
Organic anion biosynthesis,1.1.1.28
Vitamin biosynthesis,K03148+K03154
Vitamin biosynthesis,K03151
Vitamin biosynthesis,K03150
Vitamin biosynthesis,K03149
Vitamin biosynthesis,K03147
Vitamin biosynthesis,K00941
Vitamin biosynthesis,K00788
Vitamin biosynthesis,K14153
Vitamin biosynthesis,K21219
Vitamin biosynthesis,K00946
Vitamin biosynthesis,K03148+K03154
Vitamin biosynthesis,K03151
Vitamin biosynthesis,K03153
Vitamin biosynthesis,K03149
Vitamin biosynthesis,K10810
Vitamin biosynthesis,K03147
Vitamin biosynthesis,K00941
Vitamin biosynthesis,K00788
Vitamin biosynthesis,K00946
Vitamin biosynthesis,K22699
Vitamin biosynthesis,K03147
Vitamin biosynthesis,K00941
Vitamin biosynthesis,K00788
Vitamin biosynthesis,K21220
Vitamin biosynthesis,K21219
Vitamin biosynthesis,K00946
Vitamin biosynthesis,K00941
Vitamin biosynthesis,K00788
Vitamin biosynthesis,K14153
Vitamin biosynthesis,K21219
Vitamin biosynthesis,K01497
Vitamin biosynthesis,K14652
Vitamin biosynthesis,K01498
Vitamin biosynthesis,K00082
Vitamin biosynthesis,K11752
Vitamin biosynthesis,K22912
Vitamin biosynthesis,K20860
Vitamin biosynthesis,K20861
Vitamin biosynthesis,K20862
Vitamin biosynthesis,K21063
Vitamin biosynthesis,K21064
Vitamin biosynthesis,K02858
Vitamin biosynthesis,K14652
Vitamin biosynthesis,K00794
Vitamin biosynthesis,K00793
Vitamin biosynthesis,K20884
Vitamin biosynthesis,K22949
Vitamin biosynthesis,K11753
Vitamin biosynthesis,3.6.1.22
Vitamin biosynthesis,3.2.2.6
Vitamin biosynthesis,3.2.2.4
Vitamin biosynthesis,3.4.1.19
Vitamin biosynthesis,K00826
Vitamin biosynthesis,K00606
Vitamin biosynthesis,K00077
Vitamin biosynthesis,K01579
Vitamin biosynthesis,K01918
Vitamin biosynthesis,K13799
Vitamin biosynthesis,K00606
Vitamin biosynthesis,K00077
Vitamin biosynthesis,K13367
Vitamin biosynthesis,K00128
Vitamin biosynthesis,K01918
Vitamin biosynthesis,K03472
Vitamin biosynthesis,K03473
Vitamin biosynthesis,K00831
Vitamin biosynthesis,K00097
Vitamin biosynthesis,K03474
Vitamin biosynthesis,K00275
Vitamin biosynthesis,K06215
Vitamin biosynthesis,K08681
Vitamin biosynthesis,K00652
Vitamin biosynthesis,K00833
Vitamin biosynthesis,K19563
Vitamin biosynthesis,K01935
Vitamin biosynthesis,K19562
Vitamin biosynthesis,K01012
Vitamin biosynthesis,K00652
Vitamin biosynthesis,K25570
Vitamin biosynthesis,K01935
Vitamin biosynthesis,K01012
Vitamin biosynthesis,K16593
Vitamin biosynthesis,K00652
Vitamin biosynthesis,K19563
Vitamin biosynthesis,K01935
Vitamin biosynthesis,K01012
Vitamin biosynthesis,K01906
Vitamin biosynthesis,K00652
Vitamin biosynthesis,K00833
Vitamin biosynthesis,K19563
Vitamin biosynthesis,K01935
Vitamin biosynthesis,K01012
Vitamin biosynthesis,K01495
Vitamin biosynthesis,K09007
Vitamin biosynthesis,K22391
Vitamin biosynthesis,K01077
Vitamin biosynthesis,K01113
Vitamin biosynthesis,K08310
Vitamin biosynthesis,K19965
Vitamin biosynthesis,K13939
Vitamin biosynthesis,K13940
Vitamin biosynthesis,K01633
Vitamin biosynthesis,K00950
Vitamin biosynthesis,K00796
Vitamin biosynthesis,K01633
Vitamin biosynthesis,K13941
Vitamin biosynthesis,K11754
Vitamin biosynthesis,K20457
Vitamin biosynthesis,K00287
Vitamin biosynthesis,K13998
Vitamin biosynthesis,K14652
Vitamin biosynthesis,K22100
Vitamin biosynthesis,K01633
Vitamin biosynthesis,K13941
Vitamin biosynthesis,K22099
Vitamin biosynthesis,K00287
Vitamin biosynthesis,K02302
Vitamin biosynthesis,K02303
Vitamin biosynthesis,K13542
Vitamin biosynthesis,K02304
Vitamin biosynthesis,K24866
Vitamin biosynthesis,K02190
Vitamin biosynthesis,K03795
Vitamin biosynthesis,K22011
Vitamin biosynthesis,K03394
Vitamin biosynthesis,K05934
Vitamin biosynthesis,K13541
Vitamin biosynthesis,K21479
Vitamin biosynthesis,K05936
Vitamin biosynthesis,K02189
Vitamin biosynthesis,K13541
Vitamin biosynthesis,K02188
Vitamin biosynthesis,K05895
Vitamin biosynthesis,K02191
Vitamin biosynthesis,K03399
Vitamin biosynthesis,K00595
Vitamin biosynthesis,K06042
Vitamin biosynthesis,K02224
Vitamin biosynthesis,K02303
Vitamin biosynthesis,K13542
Vitamin biosynthesis,K03394
Vitamin biosynthesis,K13540
Vitamin biosynthesis,K02229
Vitamin biosynthesis,K05934
Vitamin biosynthesis,K13540
Vitamin biosynthesis,K13541
Vitamin biosynthesis,K05936
Vitamin biosynthesis,K02228
Vitamin biosynthesis,K05895
Vitamin biosynthesis,K00595
Vitamin biosynthesis,K06042
Vitamin biosynthesis,K02224
Vitamin biosynthesis,K02230+K09882+K09883
Vitamin biosynthesis,K00798
Vitamin biosynthesis,K19221
Vitamin biosynthesis,K02232
Vitamin biosynthesis,K02225
Vitamin biosynthesis,K02227
Vitamin biosynthesis,K02231
Vitamin biosynthesis,K00768
Vitamin biosynthesis,K02226
Vitamin biosynthesis,K22316
Vitamin biosynthesis,K02233
Vitamin biosynthesis,K09833
Vitamin biosynthesis,K12502
Vitamin biosynthesis,K18534
Vitamin biosynthesis,K09834
Vitamin biosynthesis,K05928
Vitamin biosynthesis,K02552
Vitamin biosynthesis,K02551
Vitamin biosynthesis,K08680
Vitamin biosynthesis,K02549
Vitamin biosynthesis,K14759
Vitamin biosynthesis,K01911
Vitamin biosynthesis,K14760
Vitamin biosynthesis,K01661
Vitamin biosynthesis,K19222
Vitamin biosynthesis,K12073
Vitamin biosynthesis,K23094
Vitamin biosynthesis,K17872
Vitamin biosynthesis,K23095
Vitamin biosynthesis,K02552
Vitamin biosynthesis,K02551
Vitamin biosynthesis,K08680
Vitamin biosynthesis,K02549
Vitamin biosynthesis,K01911
Vitamin biosynthesis,K01661
Vitamin biosynthesis,K19222
Vitamin biosynthesis,K02548
Vitamin biosynthesis,K03183
Vitamin biosynthesis,K11782
Vitamin biosynthesis,K18285
Vitamin biosynthesis,K18286
Vitamin biosynthesis,K20810
Vitamin biosynthesis,K11783
Vitamin biosynthesis,K11784
Vitamin biosynthesis,K11785
Vitamin biosynthesis,K11782
Vitamin biosynthesis,K18285
Vitamin biosynthesis,K18284
Vitamin biosynthesis,K11784
Vitamin biosynthesis,K11785
Vitamin biosynthesis,K03181
Vitamin biosynthesis,K18240
Vitamin biosynthesis,K03179
Vitamin biosynthesis,K03182+K03186
Vitamin biosynthesis,K18800
Vitamin biosynthesis,K00568
Vitamin biosynthesis,K03185
Vitamin biosynthesis,K03183
Vitamin biosynthesis,K03184
Vitamin biosynthesis,K06134
Vitamin biosynthesis,K00568
Vitamin biosynthesis,K06125
Vitamin biosynthesis,K06126
Vitamin biosynthesis,K00591
Vitamin biosynthesis,K06127
Vitamin biosynthesis,K06134
Vitamin biosynthesis,K00591
Aromatic compound biosynthesis,5.4.4.2
Aromatic compound biosynthesis,4.2.99.21
Aromatic compound biosynthesis,4.2.1.10
Aromatic compound biosynthesis,4.2.1.10
Aromatic compound biosynthesis,1.1.1.25
Aromatic compound biosynthesis,2.7.1.71
Aromatic compound biosynthesis,2.5.1.19
Aromatic compound biosynthesis,4.2.3.5
Aromatic compound biosynthesis,2.5.1.54
Aromatic compound biosynthesis,3.2.3.4
Aromatic compound biosynthesis,4.2.1.10
Aromatic compound biosynthesis,1.1.1.25
Aromatic compound biosynthesis,2.7.1.71
Aromatic compound biosynthesis,2.5.1.19
Aromatic compound biosynthesis,4.2.3.5
Aromatic compound biosynthesis,2.7.2.4
Aromatic compound biosynthesis,1.2.1.11
Aromatic compound biosynthesis,2.2.1.10
Aromatic compound biosynthesis,1.4.1.24
Aromatic compound biosynthesis,4.2.1.10
Aromatic compound biosynthesis,1.1.1.25
Aromatic compound biosynthesis,2.7.1.71
Aromatic compound biosynthesis,2.5.1.19
Aromatic compound biosynthesis,4.2.3.5
Aromatic compound biosynthesis,2.7.2.4
Aromatic compound biosynthesis,1.2.1.11
Aromatic compound biosynthesis,4.3.3.7
Aromatic compound biosynthesis,1.13.12.3
Aromatic compound biosynthesis,3.5.1.4
Aromatic compound biosynthesis,4.2.1.84
Aromatic compound biosynthesis,3.5.1.4
Aromatic compound biosynthesis,3.5.5.1
Aromatic compound biosynthesis,2.6.1.1
Aromatic compound biosynthesis,2.6.1.27
Aromatic compound biosynthesis,4.1.1.74
Aromatic compound biosynthesis,1.2.3.7
Aromatic compound biosynthesis,4.1.1.28
Aromatic compound biosynthesis,4.1.1.105
Aromatic compound biosynthesis,1.4.3.4
Aromatic compound biosynthesis,1.2.3.7
Metallophore biosynthesis,K21898
Metallophore biosynthesis,K23446
Metallophore biosynthesis,K23447
Metallophore biosynthesis,5.1.1.10
Metallophore biosynthesis,5.1.1.12
Metallophore biosynthesis,6.3.2.58
Metallophore biosynthesis,6.3.2.57
Metallophore biosynthesis,K23371
Metallophore biosynthesis,K21949
Metallophore biosynthesis,K21721
Metallophore biosynthesis,K23372
Metallophore biosynthesis,K23373
Metallophore biosynthesis,K23374
Metallophore biosynthesis,K23375
Metallophore biosynthesis,2.7.1.225
Metallophore biosynthesis,2.5.1.140
Metallophore biosynthesis,1.5.1.51
Metallophore biosynthesis,6.3.2.54
Metallophore biosynthesis,4.1.1.117
Metallophore biosynthesis,6.3.2.55
Metallophore biosynthesis,6.3.2.56
Metallophore biosynthesis,K03897
Metallophore biosynthesis,K03896
Metallophore biosynthesis,K03894
Metallophore biosynthesis,K03895
Metallophore biosynthesis,1.14.13.59
Metallophore biosynthesis,2.3.1.102
Metallophore biosynthesis,6.3.2.38
Metallophore biosynthesis,6.3.2.39
Metallophore biosynthesis,5.1.1.10
Metallophore biosynthesis,5.1.1.24
Metallophore biosynthesis,2.5.1.152
Metallophore biosynthesis,1.5.1.52
Antibiotic biosynthesis,5.4.99.5
Antibiotic biosynthesis,4.1.1.100
Antibiotic biosynthesis,5.3.3.19
Antibiotic biosynthesis,5.3.3.19
Antibiotic biosynthesis,1.3.1.aa
Antibiotic biosynthesis,1.3.1.aa
Antibiotic biosynthesis,1.1.1.385
Antibiotic biosynthesis,6.3.2.49
Antibiotic biosynthesis,K18317
Antibiotic biosynthesis,K18316
Antibiotic biosynthesis,K18315
Antibiotic biosynthesis,K12673
Antibiotic biosynthesis,K12674
Antibiotic biosynthesis,K12675
Antibiotic biosynthesis,K12676
Antibiotic biosynthesis,2.5.1.66
Antibiotic biosynthesis,6.3.3.4
Antibiotic biosynthesis,1.14.11.21
Antibiotic biosynthesis,3.5.3.22
Antibiotic biosynthesis,1.14.11.21
Antibiotic biosynthesis,2.1.1.254
Antibiotic biosynthesis,1.14.13.154
Antibiotic biosynthesis,2.3.1.94
Antibiotic biosynthesis,1.14.15.35
Antibiotic biosynthesis,2.4.1.328
Antibiotic biosynthesis,2.4.1.278
Antibiotic biosynthesis,5.4.2.9
Antibiotic biosynthesis,4.1.1.82
Antibiotic biosynthesis,1.1.1.309
Antibiotic biosynthesis,2.7.7.104
Antibiotic biosynthesis,2.1.1.308
Antibiotic biosynthesis,1.11.1.23
Antibiotic biosynthesis,K18652
Antibiotic biosynthesis,K18653
Antibiotic biosynthesis,K18654
Antibiotic biosynthesis,1.1.1.361
Antibiotic biosynthesis,2.6.1.104
Antibiotic biosynthesis,3.1.3.92
Antibiotic biosynthesis,6.3.1.15
Antibiotic biosynthesis,2.1.1.284
Antibiotic biosynthesis,2.4.1.302
Antibiotic biosynthesis,2.1.1.285
Antibiotic biosynthesis,2.1.3.12
Antibiotic biosynthesis,4.2.3.124
Antibiotic biosynthesis,2.6.1.100
Antibiotic biosynthesis,1.1.1.329
Antibiotic biosynthesis,1.1.99.38
Antibiotic biosynthesis,2.6.1.101
Antibiotic biosynthesis,2.4.1.283
Antibiotic biosynthesis,3.5.1.112
Antibiotic biosynthesis,K12250
Antibiotic biosynthesis,K15907
Antibiotic biosynthesis,K18056
Antibiotic biosynthesis,K17747
Antibiotic biosynthesis,K18091
Antibiotic biosynthesis,K18057
Antibiotic biosynthesis,K17476
Antibiotic biosynthesis,4.2.3.7
Antibiotic biosynthesis,1.4.15.32
Antibiotic biosynthesis,1.14.11.35
Antibiotic biosynthesis,1.1.1.340
Antibiotic biosynthesis,1.14.13.170
Antibiotic biosynthesis,1.14.11.36
Antibiotic biosynthesis,1.14.19.8
Antibiotic biosynthesis,K21780+K21781
Antibiotic biosynthesis,K21782
Antibiotic biosynthesis,K21783
Antibiotic biosynthesis,K21784
Antibiotic biosynthesis,K21785
Antibiotic biosynthesis,K21786
Antibiotic biosynthesis,K21428
Antibiotic biosynthesis,K21778
Antibiotic biosynthesis,K21779
Antibiotic biosynthesis,K21787
Antibiotic biosynthesis,K13063
Antibiotic biosynthesis,K20261
Antibiotic biosynthesis,K06998
Antibiotic biosynthesis,K20260
Antibiotic biosynthesis,K20262
Antibiotic biosynthesis,K21103
Antibiotic biosynthesis,K20940
Antibiotic biosynthesis,2.1.1.327
Antibiotic biosynthesis,1.14.13.218
Antibiotic biosynthesis,K14266
Antibiotic biosynthesis,K19981
Antibiotic biosynthesis,K14257
Antibiotic biosynthesis,K19982
Antibiotic biosynthesis,K19969
Antibiotic biosynthesis,K20431
Antibiotic biosynthesis,K20432
Antibiotic biosynthesis,K20433
Antibiotic biosynthesis,K20434
Antibiotic biosynthesis,K20435
Antibiotic biosynthesis,K20436
Antibiotic biosynthesis,K20437
Antibiotic biosynthesis,K20438
Antibiotic biosynthesis,4.2.3.152
Antibiotic biosynthesis,5.1.3.33
Antibiotic biosynthesis,2.7.1.214
Antibiotic biosynthesis,2.6.1.M1
Antibiotic biosynthesis,2.7.7.91
Antibiotic biosynthesis,2.5.1.135
Antibiotic biosynthesis,3.1.3.101
Antibiotic biosynthesis,2.4.1.338
Antibiotic biosynthesis,1.14.11.52
Antibiotic biosynthesis,K20086
Antibiotic biosynthesis,K20087+K20088
Antibiotic biosynthesis,K20089
Antibiotic biosynthesis,K20090
Antibiotic biosynthesis,1.4.3.23
Antibiotic biosynthesis,1.21.98.2
Antibiotic biosynthesis,1.14.13.217
Antibiotic biosynthesis,1.14.13.224
Toxin biosynthesis,K11013
Toxin biosynthesis,K11014
Toxin biosynthesis,K11015
Toxin biosynthesis,K11028
Toxin biosynthesis,K11011
Toxin biosynthesis,K11012
Toxin biosynthesis,K10928
Toxin biosynthesis,K10929
Toxin biosynthesis,K10954
Toxin biosynthesis,K10952
Toxin biosynthesis,K11041
Toxin biosynthesis,K11063
Toxin biosynthesis,K11021
Toxin biosynthesis,K11014
Toxin biosynthesis,K11023
Toxin biosynthesis,K19298
Toxin biosynthesis,K11023
Toxin biosynthesis,K11024
Toxin biosynthesis,K11025
Toxin biosynthesis,K11026
Toxin biosynthesis,K11027
Toxin biosynthesis,K10948
Toxin biosynthesis,K11032
Toxin biosynthesis,K11038
Toxin biosynthesis,K11016
Toxin biosynthesis,K11017
Toxin biosynthesis,K11019
Toxin biosynthesis,K11039
Toxin biosynthesis,K11068
Toxin biosynthesis,K11139
Toxin biosynthesis,K11031
Toxin biosynthesis,K10953
Toxin biosynthesis,K11022
Toxin biosynthesis,K11033
Toxin biosynthesis,K11034
Toxin biosynthesis,K10814
Toxin biosynthesis,K10815
Toxin biosynthesis,K10816
Lipid degradation,K01046
Lipid degradation,K12298
Lipid degradation,K16816
Lipid degradation,K13534
Lipid degradation,K14073
Lipid degradation,K14074
Lipid degradation,K14075
Lipid degradation,K14076
Lipid degradation,K22283
Lipid degradation,K14452
Lipid degradation,K22284
Lipid degradation,K14674
Lipid degradation,K14675
Lipid degradation,K17900
Lipid degradation,K01054
Lipid degradation,K25824
Lipid degradation,3.1.1.3
Lipid degradation,3.1.1.34
Lipid degradation,3.1.1.34
Lipid degradation,3.1.1.79
Lipid degradation,3.1.1.116
Lipid degradation,3.1.1.23
Lipid degradation,3.1.1.79
Lipid degradation,K01897
Lipid degradation,K15013
Lipid degradation,K00232
Lipid degradation,K00249
Lipid degradation,K00255
Lipid degradation,K06445
Lipid degradation,K09479
Lipid degradation,K01692
Lipid degradation,K07511
Lipid degradation,K13767
Lipid degradation,K00022
Lipid degradation,K07516
Lipid degradation,K01825
Lipid degradation,K01782
Lipid degradation,K07514
Lipid degradation,K07515
Lipid degradation,K10527
Lipid degradation,K00632
Lipid degradation,K07508
Lipid degradation,K07509
Lipid degradation,K07513
Lipid degradation,6.2.1.3
Lipid degradation,1.3.8.8
Lipid degradation,4.2.1.17
Lipid degradation,1.1.1.35
Lipid degradation,2.3.1.16
Lipid degradation,1.3.8.8
Lipid degradation,4.2.1.17
Lipid degradation,1.1.1.35
Lipid degradation,2.3.1.16
Lipid degradation,1.3.8.8
Lipid degradation,4.2.1.17
Lipid degradation,1.1.1.35
Lipid degradation,1.1.1.211
Lipid degradation,2.3.1.16
Lipid degradation,5.3.3.8
Lipid degradation,4.2.1.74
Lipid degradation,6.2.1.5
Lipid degradation,1.3.8.7
Lipid degradation,4.2.1.17
Lipid degradation,1.1.1.35
Lipid degradation,2.3.1.174
Polysaccharide degradation,3.2.1.4
Polysaccharide degradation,3.2.1.176
Polysaccharide degradation,3.2.1.132
Polysaccharide degradation,3.2.1.73
Polysaccharide degradation,3.2.1.176
Polysaccharide degradation,3.2.1.4
Polysaccharide degradation,3.2.1.14
Polysaccharide degradation,1.14.99.54
Polysaccharide degradation,1.14.99.56
Polysaccharide degradation,1.14.99.53
Polysaccharide degradation,1.14.99.54
Polysaccharide degradation,1.14.99.53
Polysaccharide degradation,1.14.99.54
Polysaccharide degradation,1.14.99.54
Polysaccharide degradation,1.14.99.56
Polysaccharide degradation,1.14.99.54
Polysaccharide degradation,1.14.99.56
Polysaccharide degradation,1.14.99.53
Polysaccharide degradation,3.2.1.4
Polysaccharide degradation,3.2.1.8
Polysaccharide degradation,3.2.1.21
Polysaccharide degradation,3.2.1.25
Polysaccharide degradation,3.2.1.45
Polysaccharide degradation,3.2.1.58
Polysaccharide degradation,3.2.1.73
Polysaccharide degradation,3.2.1.74
Polysaccharide degradation,3.2.1.75
Polysaccharide degradation,3.2.1.78
Polysaccharide degradation,3.2.1.91
Polysaccharide degradation,3.2.1.104
Polysaccharide degradation,3.2.1.123
Polysaccharide degradation,3.2.1.132
Polysaccharide degradation,3.2.1.149
Polysaccharide degradation,3.2.1.151
Polysaccharide degradation,3.2.1.164
Polysaccharide degradation,3.2.1.168
Polysaccharide degradation,3.2.1.73
Polysaccharide degradation,3.2.1.39
Polysaccharide degradation,3.2.1.52
Polysaccharide degradation,3.2.1.132
Polysaccharide degradation,3.2.1.146
Polysaccharide degradation,3.2.1.4
Polysaccharide degradation,3.2.1.91
Polysaccharide degradation,3.2.1.4
Polysaccharide degradation,3.2.1.176
Polysaccharide degradation,3.2.1.132
Polysaccharide degradation,3.2.1.73
Polysaccharide degradation,3.2.1.132
Polysaccharide degradation,3.2.1.4
Polysaccharide degradation,3.2.1.73
Polysaccharide degradation,3.2.1.8
Polysaccharide degradation,3.2.1.156
Polysaccharide degradation,3.2.1.4
Polysaccharide degradation,3.2.1.6
Polysaccharide degradation,3.2.1.21
Polysaccharide degradation,3.2.1.73
Polysaccharide degradation,3.2.1.74
Polysaccharide degradation,3.2.1.91
Polysaccharide degradation,3.2.1.151
Polysaccharide degradation,3.2.1.165
Polysaccharide degradation,3.2.1.8
Polysaccharide degradation,3.2.1.32
Polysaccharide degradation,3.2.1.4
Polysaccharide degradation,3.2.1.4
Polysaccharide degradation,3.2.1.4
Polysaccharide degradation,3.2.1.151
Polysaccharide degradation,3.2.1.73
Polysaccharide degradation,2.4.1.207
Polysaccharide degradation,3.2.1.4
Polysaccharide degradation,3.2.1.151
Polysaccharide degradation,3.2.1.4
Polysaccharide degradation,3.2.1.151
Polysaccharide degradation,3.2.1.78
Polysaccharide degradation,3.2.1.4
Polysaccharide degradation,3.2.1.8
Polysaccharide degradation,3.2.1.21
Polysaccharide degradation,3.2.1.25
Polysaccharide degradation,3.2.1.45
Polysaccharide degradation,3.2.1.58
Polysaccharide degradation,3.2.1.73
Polysaccharide degradation,3.2.1.74
Polysaccharide degradation,3.2.1.75
Polysaccharide degradation,3.2.1.78
Polysaccharide degradation,3.2.1.91
Polysaccharide degradation,3.2.1.104
Polysaccharide degradation,3.2.1.123
Polysaccharide degradation,3.2.1.132
Polysaccharide degradation,3.2.1.149
Polysaccharide degradation,3.2.1.151
Polysaccharide degradation,3.2.1.164
Polysaccharide degradation,3.2.1.168
Polysaccharide degradation,3.2.1.73
Polysaccharide degradation,3.2.1.39
Polysaccharide degradation,3.2.1.52
Polysaccharide degradation,3.2.1.132
Polysaccharide degradation,3.2.1.146
Polysaccharide degradation,3.2.1.4
Polysaccharide degradation,3.2.1.91
Polysaccharide degradation,3.2.1.4
Polysaccharide degradation,3.2.1.176
Polysaccharide degradation,3.2.1.132
Polysaccharide degradation,3.2.1.73
Polysaccharide degradation,3.2.1.132
Polysaccharide degradation,3.2.1.4
Polysaccharide degradation,3.2.1.73
Polysaccharide degradation,3.2.1.8
Polysaccharide degradation,3.2.1.156
Polysaccharide degradation,3.2.1.4
Polysaccharide degradation,3.2.1.6
Polysaccharide degradation,3.2.1.21
Polysaccharide degradation,3.2.1.73
Polysaccharide degradation,3.2.1.74
Polysaccharide degradation,3.2.1.91
Polysaccharide degradation,3.2.1.151
Polysaccharide degradation,3.2.1.165
Polysaccharide degradation,3.2.1.8
Polysaccharide degradation,3.2.1.32
Polysaccharide degradation,3.2.1.4
Polysaccharide degradation,3.2.1.4
Polysaccharide degradation,3.2.1.4
Polysaccharide degradation,3.2.1.151
Polysaccharide degradation,3.2.1.73
Polysaccharide degradation,2.4.1.207
Polysaccharide degradation,3.2.1.4
Polysaccharide degradation,3.2.1.151
Polysaccharide degradation,3.2.1.4
Polysaccharide degradation,3.2.1.151
Polysaccharide degradation,3.2.1.78
Polysaccharide degradation,3.2.1.4
Polysaccharide degradation,3.2.1.8
Polysaccharide degradation,3.2.1.21
Polysaccharide degradation,3.2.1.25
Polysaccharide degradation,3.2.1.45
Polysaccharide degradation,3.2.1.58
Polysaccharide degradation,3.2.1.73
Polysaccharide degradation,3.2.1.74
Polysaccharide degradation,3.2.1.75
Polysaccharide degradation,3.2.1.78
Polysaccharide degradation,3.2.1.91
Polysaccharide degradation,3.2.1.104
Polysaccharide degradation,3.2.1.123
Polysaccharide degradation,3.2.1.132
Polysaccharide degradation,3.2.1.149
Polysaccharide degradation,3.2.1.151
Polysaccharide degradation,3.2.1.164
Polysaccharide degradation,3.2.1.168
Polysaccharide degradation,3.2.1.73
Polysaccharide degradation,3.2.1.39
Polysaccharide degradation,3.2.1.52
Polysaccharide degradation,3.2.1.132
Polysaccharide degradation,3.2.1.146
Polysaccharide degradation,3.2.1.4
Polysaccharide degradation,3.2.1.6
Polysaccharide degradation,3.2.1.21
Polysaccharide degradation,3.2.1.73
Polysaccharide degradation,3.2.1.74
Polysaccharide degradation,3.2.1.91
Polysaccharide degradation,3.2.1.151
Polysaccharide degradation,3.2.1.165
Polysaccharide degradation,3.2.1.4
Polysaccharide degradation,3.2.1.151
Polysaccharide degradation,3.2.1.73
Polysaccharide degradation,2.4.1.207
Polysaccharide degradation,2.4.1.207
Polysaccharide degradation,3.2.1.103
Polysaccharide degradation,3.2.1.39
Polysaccharide degradation,3.2.1.6
Polysaccharide degradation,3.2.1.73
Polysaccharide degradation,3.2.1.81
Polysaccharide degradation,3.2.1.83
Polysaccharide degradation,3.2.1.151
Polysaccharide degradation,3.2.1.181
Polysaccharide degradation,3.2.1.178
Polysaccharide degradation,3.2.1.35
Polysaccharide degradation,3.2.1.181
Polysaccharide degradation,3.2.1.4
Polysaccharide degradation,3.2.1.151
Polysaccharide degradation,3.2.1.4
Polysaccharide degradation,3.2.1.151
Polysaccharide degradation,3.2.1.78
Polysaccharide degradation,3.2.1.176
Polysaccharide degradation,3.2.1.4
Polysaccharide degradation,3.2.1.14
Polysaccharide degradation,3.2.1.4
Polysaccharide degradation,3.2.1.150
Polysaccharide degradation,3.2.1.151
Polysaccharide degradation,1.14.99.54
Polysaccharide degradation,1.14.99.56
Polysaccharide degradation,3.2.1.20
Polysaccharide degradation,3.2.1.22
Polysaccharide degradation,3.2.1.24
Polysaccharide degradation,3.2.1.84
Polysaccharide degradation,3.2.1.48
Polysaccharide degradation,3.2.1.10
Polysaccharide degradation,3.2.1.177
Polysaccharide degradation,4.2.2.13
Polysaccharide degradation,2.4.1.161
Polysaccharide degradation,3.2.1.37
Polysaccharide degradation,3.2.1.55
Polysaccharide degradation,3.2.1.8
Polysaccharide degradation,3.2.1.99
Polysaccharide degradation,3.2.1.145
Polysaccharide degradation,3.2.1.146
Polysaccharide degradation,3.2.1.8
Polysaccharide degradation,3.2.1.32
Polysaccharide degradation,3.2.1.4
Polysaccharide degradation,3.2.1.23
Polysaccharide degradation,3.2.1.25
Polysaccharide degradation,3.2.1.31
Polysaccharide degradation,3.2.1.55
Polysaccharide degradation,3.2.1.152
Polysaccharide degradation,3.2.1.165
Polysaccharide degradation,3.2.1.37
Polysaccharide degradation,3.2.1.146
Polysaccharide degradation,3.2.1.1
Polysaccharide degradation,3.2.1.41
Polysaccharide degradation,2.4.1.19
Polysaccharide degradation,3.2.1.54
Polysaccharide degradation,3.2.1.93
Polysaccharide degradation,3.2.1.10
Polysaccharide degradation,3.2.1.133
Polysaccharide degradation,3.2.1.135
Polysaccharide degradation,3.2.1.20
Polysaccharide degradation,3.2.1.60
Polysaccharide degradation,3.2.1.68
Polysaccharide degradation,3.2.1.70
Polysaccharide degradation,3.2.1.98
Polysaccharide degradation,3.2.1.116
Polysaccharide degradation,2.4.1.18
Polysaccharide degradation,5.4.99.16
Polysaccharide degradation,2.4.1.25
Polysaccharide degradation,2.4.1.4
Polysaccharide degradation,2.4.1.7
Polysaccharide degradation,3.2.1.141
Polysaccharide degradation,5.4.99.11
Polysaccharide degradation,5.4.99.15
Polysaccharide degradation,3.2.1.33
Polysaccharide degradation,2.4.99.16
Polysaccharide degradation,3.2.1.2
Polysaccharide degradation,3.2.1.1
Polysaccharide degradation,3.2.1.22
Polysaccharide degradation,3.2.1.41
Polysaccharide degradation,3.2.1.54
Polysaccharide degradation,2.4.1.18
Polysaccharide degradation,2.4.1.25
Polysaccharide degradation,3.2.1.1
Polysaccharide degradation,3.2.1.33
Polysaccharide degradation,3.2.1.3
Polysaccharide degradation,3.2.1.70
Polysaccharide degradation,3.2.1.28
Polysaccharide degradation,2.4.1.2
Polysaccharide degradation,3.2.1.3
Polysaccharide degradation,3.2.1.20
Polysaccharide degradation,3.2.1.22
Polysaccharide degradation,3.2.1.14
Polysaccharide degradation,3.2.1.17
Polysaccharide degradation,3.2.1.96
Polysaccharide degradation,3.2.1.14
Polysaccharide degradation,3.2.1.17
Polysaccharide degradation,3.2.1.17
Polysaccharide degradation,4.2.2.n1
Polysaccharide degradation,3.2.1.14
Polysaccharide degradation,3.2.1.17
Polysaccharide degradation,3.2.1.96
Polysaccharide degradation,3.2.1.52
Polysaccharide degradation,3.2.1.140
Polysaccharide degradation,3.2.1.21
Polysaccharide degradation,3.2.1.37
Polysaccharide degradation,3.2.1.45
Polysaccharide degradation,3.2.1.52
Polysaccharide degradation,3.2.1.55
Polysaccharide degradation,3.2.1.58
Polysaccharide degradation,3.2.1.74
Polysaccharide degradation,3.2.1.120
Polysaccharide degradation,3.2.1.126
Polysaccharide degradation,3.2.1.4
Polysaccharide degradation,3.2.1.8
Polysaccharide degradation,3.2.1.21
Polysaccharide degradation,3.2.1.25
Polysaccharide degradation,3.2.1.45
Polysaccharide degradation,3.2.1.58
Polysaccharide degradation,3.2.1.73
Polysaccharide degradation,3.2.1.74
Polysaccharide degradation,3.2.1.75
Polysaccharide degradation,3.2.1.78
Polysaccharide degradation,3.2.1.91
Polysaccharide degradation,3.2.1.104
Polysaccharide degradation,3.2.1.123
Polysaccharide degradation,3.2.1.132
Polysaccharide degradation,3.2.1.149
Polysaccharide degradation,3.2.1.151
Polysaccharide degradation,3.2.1.164
Polysaccharide degradation,3.2.1.168
Polysaccharide degradation,3.2.1.73
Polysaccharide degradation,3.2.1.39
Polysaccharide degradation,3.2.1.52
Polysaccharide degradation,3.2.1.132
Polysaccharide degradation,3.2.1.146
Polysaccharide degradation,3.2.1.52
Polysaccharide degradation,3.2.1.35
Polysaccharide degradation,3.2.1.169
Polysaccharide degradation,3.2.1.21
Polysaccharide degradation,3.2.1.37
Polysaccharide degradation,3.2.1.45
Polysaccharide degradation,3.2.1.52
Polysaccharide degradation,1.14.99.54
Polysaccharide degradation,1.14.99.56
Polysaccharide degradation,1.14.99.53
Polysaccharide degradation,1.14.99.54
Polysaccharide degradation,1.14.99.53
Polysaccharide degradation,3.1.1.72
Polysaccharide degradation,3.5.1.41
Polysaccharide degradation,3.2.1.15
Polysaccharide degradation,3.2.1.40
Polysaccharide degradation,3.2.1.67
Polysaccharide degradation,3.2.1.82
Polysaccharide degradation,3.2.1.171
Polysaccharide degradation,3.2.1.173
Polysaccharide degradation,4.2.2.2
Polysaccharide degradation,4.2.2.9
Polysaccharide degradation,4.2.2.10
Polysaccharide degradation,4.2.2.2
Polysaccharide degradation,4.2.2.9
Polysaccharide degradation,4.2.2.2
Polysaccharide degradation,4.2.2.9
Polysaccharide degradation,4.2.2.2
Polysaccharide degradation,4.2.2.23
Polysaccharide degradation,4.2.2.24
Polysaccharide degradation,4.2.2.6
Polysaccharide degradation,4.2.2.24
Polysaccharide degradation,4.2.2.23
Polysaccharide degradation,3.2.1.40
Polysaccharide degradation,3.2.1.174
Polysaccharide degradation,3.2.1.173
Polysaccharide degradation,3.1.1.11
Polysaccharide degradation,3.2.1.172
Polysaccharide degradation,3.2.1.122
Polysaccharide degradation,3.2.1.20
Polysaccharide degradation,3.2.1.22
Polysaccharide degradation,3.2.1.86
Polysaccharide degradation,3.2.1.139
Polysaccharide degradation,3.2.1.67
Polysaccharide degradation,3.1.1.72
Polysaccharide degradation,3.2.1.23
Polysaccharide degradation,3.2.1.25
Polysaccharide degradation,3.2.1.31
Polysaccharide degradation,3.2.1.55
Polysaccharide degradation,3.2.1.152
Polysaccharide degradation,3.2.1.165
Polysaccharide degradation,3.2.1.37
Polysaccharide degradation,3.2.1.146
Polysaccharide degradation,3.2.1.49
Polysaccharide degradation,3.2.1.22
Polysaccharide degradation,3.2.1.49
Polysaccharide degradation,3.2.1.94
Polysaccharide degradation,3.2.1.88
Polysaccharide degradation,3.2.1.22
Polysaccharide degradation,3.2.1.122
Polysaccharide degradation,3.2.1.20
Polysaccharide degradation,3.2.1.22
Polysaccharide degradation,3.2.1.86
Polysaccharide degradation,3.2.1.139
Polysaccharide degradation,3.2.1.67
Polysaccharide degradation,3.2.1.20
Polysaccharide degradation,3.2.1.22
Polysaccharide degradation,3.2.1.24
Polysaccharide degradation,3.2.1.84
Polysaccharide degradation,3.2.1.48
Polysaccharide degradation,3.2.1.10
Polysaccharide degradation,3.2.1.177
Polysaccharide degradation,4.2.2.13
Polysaccharide degradation,2.4.1.161
Polysaccharide degradation,3.2.1.22
Polysaccharide degradation,3.2.1.49
Polysaccharide degradation,2.4.1.67
Polysaccharide degradation,2.4.1.82
Polysaccharide degradation,3.2.1.3
Polysaccharide degradation,3.2.1.20
Polysaccharide degradation,3.2.1.22
Polysaccharide degradation,3.2.1.89
Polysaccharide degradation,3.2.1.23
Polysaccharide degradation,3.2.1.25
Polysaccharide degradation,3.2.1.31
Polysaccharide degradation,3.2.1.55
Polysaccharide degradation,3.2.1.152
Polysaccharide degradation,3.2.1.165
Polysaccharide degradation,3.2.1.37
Polysaccharide degradation,3.2.1.146
Polysaccharide degradation,3.2.1.23
Polysaccharide degradation,3.2.1.165
Polysaccharide degradation,3.2.1.23
Polysaccharide degradation,3.2.1.21
Polysaccharide degradation,3.2.1.23
Polysaccharide degradation,3.2.1.25
Polysaccharide degradation,3.2.1.31
Polysaccharide degradation,3.2.1.37
Polysaccharide degradation,3.2.1.38
Polysaccharide degradation,3.2.1.62
Polysaccharide degradation,3.2.1.74
Polysaccharide degradation,3.2.1.85
Polysaccharide degradation,3.2.1.86
Polysaccharide degradation,3.2.1.105
Polysaccharide degradation,3.2.1.108
Polysaccharide degradation,3.2.1.117
Polysaccharide degradation,3.2.1.118
Polysaccharide degradation,3.2.1.119
Polysaccharide degradation,3.2.1.125
Polysaccharide degradation,3.2.1.147
Polysaccharide degradation,3.2.1.149
Polysaccharide degradation,3.2.1.161
Polysaccharide degradation,3.2.1.175
Polysaccharide degradation,3.2.1.182
Polysaccharide degradation,3.2.1.23
Polysaccharide degradation,3.2.1.46
Polysaccharide degradation,3.2.1.71
Polysaccharide degradation,3.2.1.8
Polysaccharide degradation,3.2.1.31
Polysaccharide degradation,3.2.1.37
Polysaccharide degradation,3.2.1.38
Polysaccharide degradation,3.2.1.45
Polysaccharide degradation,3.2.1.75
Polysaccharide degradation,3.2.1.136
Polysaccharide degradation,3.2.1.39
Polysaccharide degradation,3.2.1.58
Polysaccharide degradation,3.2.1.73
Polysaccharide degradation,3.2.1.175
Polysaccharide degradation,3.2.1.4
Polysaccharide degradation,3.2.1.176
Polysaccharide degradation,3.2.1.132
Polysaccharide degradation,3.2.1.73
Polysaccharide degradation,3.2.1.132
Polysaccharide degradation,3.2.1.4
Polysaccharide degradation,3.2.1.73
Polysaccharide degradation,3.2.1.8
Polysaccharide degradation,3.2.1.156
Polysaccharide degradation,3.2.1.4
Polysaccharide degradation,3.2.1.6
Polysaccharide degradation,3.2.1.21
Polysaccharide degradation,3.2.1.73
Polysaccharide degradation,3.2.1.74
Polysaccharide degradation,3.2.1.91
Polysaccharide degradation,3.2.1.151
Polysaccharide degradation,3.2.1.165
Polysaccharide degradation,3.2.1.4
Polysaccharide degradation,3.2.1.8
Polysaccharide degradation,3.2.1.21
Polysaccharide degradation,3.2.1.25
Polysaccharide degradation,3.2.1.45
Polysaccharide degradation,3.2.1.58
Polysaccharide degradation,3.2.1.73
Polysaccharide degradation,3.2.1.74
Polysaccharide degradation,3.2.1.75
Polysaccharide degradation,3.2.1.78
Polysaccharide degradation,3.2.1.91
Polysaccharide degradation,3.2.1.104
Polysaccharide degradation,3.2.1.123
Polysaccharide degradation,3.2.1.132
Polysaccharide degradation,3.2.1.149
Polysaccharide degradation,3.2.1.151
Polysaccharide degradation,3.2.1.164
Polysaccharide degradation,3.2.1.168
Polysaccharide degradation,3.2.1.73
Polysaccharide degradation,3.2.1.39
Polysaccharide degradation,3.2.1.52
Polysaccharide degradation,3.2.1.132
Polysaccharide degradation,3.2.1.146
Polysaccharide degradation,3.2.1.58
Polysaccharide degradation,3.2.1.39
Polysaccharide degradation,3.2.1.39
Polysaccharide degradation,3.2.1.21
Polysaccharide degradation,3.2.1.37
Polysaccharide degradation,3.2.1.45
Polysaccharide degradation,3.2.1.52
Polysaccharide degradation,3.2.1.55
Polysaccharide degradation,3.2.1.58
Polysaccharide degradation,3.2.1.74
Polysaccharide degradation,3.2.1.120
Polysaccharide degradation,3.2.1.126
Polysaccharide degradation,2.4.1.207
Polysaccharide degradation,3.2.1.103
Polysaccharide degradation,3.2.1.39
Polysaccharide degradation,3.2.1.6
Polysaccharide degradation,3.2.1.73
Polysaccharide degradation,3.2.1.81
Polysaccharide degradation,3.2.1.83
Polysaccharide degradation,3.2.1.151
Polysaccharide degradation,3.2.1.181
Polysaccharide degradation,3.2.1.178
Polysaccharide degradation,3.2.1.35
Polysaccharide degradation,3.2.1.181
Polysaccharide degradation,3.2.1.39
Polysaccharide degradation,3.2.1.58
Polysaccharide degradation,3.2.1.73
Polysaccharide degradation,3.2.1.175
Polysaccharide degradation,3.2.1.58
Polysaccharide degradation,3.2.1.39
Polysaccharide degradation,3.2.1.21
Polysaccharide degradation,3.2.1.23
Polysaccharide degradation,3.2.1.25
Polysaccharide degradation,3.2.1.31
Polysaccharide degradation,3.2.1.37
Polysaccharide degradation,3.2.1.38
Polysaccharide degradation,3.2.1.62
Polysaccharide degradation,3.2.1.74
Polysaccharide degradation,3.2.1.85
Polysaccharide degradation,3.2.1.86
Polysaccharide degradation,3.2.1.105
Polysaccharide degradation,3.2.1.108
Polysaccharide degradation,3.2.1.117
Polysaccharide degradation,3.2.1.118
Polysaccharide degradation,3.2.1.119
Polysaccharide degradation,3.2.1.125
Polysaccharide degradation,3.2.1.147
Polysaccharide degradation,3.2.1.149
Polysaccharide degradation,3.2.1.161
Polysaccharide degradation,3.2.1.175
Polysaccharide degradation,3.2.1.182
Polysaccharide degradation,3.2.1.8
Polysaccharide degradation,3.2.1.32
Polysaccharide degradation,3.2.1.4
Polysaccharide degradation,3.2.1.78
Polysaccharide degradation,3.2.1.100
Polysaccharide degradation,3.2.1.32
Polysaccharide degradation,3.2.1.73
Polysaccharide degradation,3.2.1.132
Polysaccharide degradation,3.2.1.4
Polysaccharide degradation,3.2.1.73
Polysaccharide degradation,3.2.1.8
Polysaccharide degradation,3.2.1.156
Polysaccharide degradation,3.2.1.4
Polysaccharide degradation,3.2.1.8
Polysaccharide degradation,3.2.1.21
Polysaccharide degradation,3.2.1.25
Polysaccharide degradation,3.2.1.45
Polysaccharide degradation,3.2.1.58
Polysaccharide degradation,3.2.1.73
Polysaccharide degradation,3.2.1.74
Polysaccharide degradation,3.2.1.75
Polysaccharide degradation,3.2.1.78
Polysaccharide degradation,3.2.1.91
Polysaccharide degradation,3.2.1.104
Polysaccharide degradation,3.2.1.123
Polysaccharide degradation,3.2.1.132
Polysaccharide degradation,3.2.1.149
Polysaccharide degradation,3.2.1.151
Polysaccharide degradation,3.2.1.164
Polysaccharide degradation,3.2.1.168
Polysaccharide degradation,3.2.1.73
Polysaccharide degradation,3.2.1.39
Polysaccharide degradation,3.2.1.52
Polysaccharide degradation,3.2.1.132
Polysaccharide degradation,3.2.1.146
Polysaccharide degradation,3.2.1.8
Polysaccharide degradation,3.2.1.32
Polysaccharide degradation,3.2.1.8
Polysaccharide degradation,3.2.1.31
Polysaccharide degradation,3.2.1.37
Polysaccharide degradation,3.2.1.38
Polysaccharide degradation,3.2.1.45
Polysaccharide degradation,3.2.1.75
Polysaccharide degradation,3.2.1.136
Polysaccharide degradation,3.2.1.102
Polysaccharide degradation,3.2.1.8
Polysaccharide degradation,3.2.1.8
Polysaccharide degradation,3.2.1.51
Polysaccharide degradation,3.2.1.8
Polysaccharide degradation,3.2.1.76
Polysaccharide degradation,3.2.1.37
Polysaccharide degradation,3.2.1.21
Polysaccharide degradation,3.2.1.37
Polysaccharide degradation,3.2.1.45
Polysaccharide degradation,3.2.1.52
Polysaccharide degradation,3.2.1.55
Polysaccharide degradation,3.2.1.58
Polysaccharide degradation,3.2.1.74
Polysaccharide degradation,3.2.1.120
Polysaccharide degradation,3.2.1.126
Polysaccharide degradation,3.2.1.20
Polysaccharide degradation,3.2.1.22
Polysaccharide degradation,3.2.1.24
Polysaccharide degradation,3.2.1.84
Polysaccharide degradation,3.2.1.48
Polysaccharide degradation,3.2.1.10
Polysaccharide degradation,3.2.1.177
Polysaccharide degradation,4.2.2.13
Polysaccharide degradation,2.4.1.161
Polysaccharide degradation,3.2.1.37
Polysaccharide degradation,3.2.1.139
Polysaccharide degradation,3.2.1.131
Polysaccharide degradation,3.2.1.78
Polysaccharide degradation,3.2.1.78
Polysaccharide degradation,3.2.1.100
Polysaccharide degradation,3.2.1.32
Polysaccharide degradation,3.2.1.73
Polysaccharide degradation,3.2.1.4
Polysaccharide degradation,3.2.1.8
Polysaccharide degradation,3.2.1.21
Polysaccharide degradation,3.2.1.25
Polysaccharide degradation,3.2.1.45
Polysaccharide degradation,3.2.1.58
Polysaccharide degradation,3.2.1.73
Polysaccharide degradation,3.2.1.74
Polysaccharide degradation,3.2.1.75
Polysaccharide degradation,3.2.1.78
Polysaccharide degradation,3.2.1.91
Polysaccharide degradation,3.2.1.104
Polysaccharide degradation,3.2.1.123
Polysaccharide degradation,3.2.1.132
Polysaccharide degradation,3.2.1.149
Polysaccharide degradation,3.2.1.151
Polysaccharide degradation,3.2.1.164
Polysaccharide degradation,3.2.1.168
Polysaccharide degradation,3.2.1.73
Polysaccharide degradation,3.2.1.39
Polysaccharide degradation,3.2.1.52
Polysaccharide degradation,3.2.1.132
Polysaccharide degradation,3.2.1.146
Polysaccharide degradation,3.2.1.78
Polysaccharide degradation,3.2.1.100
Polysaccharide degradation,3.2.1.32
Polysaccharide degradation,3.2.1.73
Polysaccharide degradation,2.4.1.281
Polysaccharide degradation,2.4.1.319
Polysaccharide degradation,2.4.1.320
Polysaccharide degradation,3.2.1.78
Polysaccharide degradation,3.1.1.72
Polysaccharide degradation,3.2.1.23
Polysaccharide degradation,3.2.1.25
Polysaccharide degradation,3.2.1.31
Polysaccharide degradation,3.2.1.55
Polysaccharide degradation,3.2.1.152
Polysaccharide degradation,3.2.1.165
Polysaccharide degradation,3.2.1.37
Polysaccharide degradation,3.2.1.146
Polysaccharide degradation,3.2.1.130
Polysaccharide degradation,3.2.1.101
Polysaccharide degradation,3.2.1.20
Polysaccharide degradation,3.2.1.101
Polysaccharide degradation,3.2.1.20
Polysaccharide degradation,3.2.1.113
Polysaccharide degradation,3.2.1.24
Polysaccharide degradation,3.2.1.24
Polysaccharide degradation,3.2.1.113
Polysaccharide degradation,3.2.1.114
Polysaccharide degradation,3.2.1.170
Polysaccharide degradation,3.2.1.106
Polysaccharide degradation,3.2.1.84
Polysaccharide degradation,3.2.1.20
Polysaccharide degradation,3.2.1.170
Polysaccharide degradation,3.2.1.208
Polysaccharide degradation,3.2.1.113
Polysaccharide degradation,2.4.1.281
Polysaccharide degradation,2.4.1.319
Polysaccharide degradation,2.4.1.320
Polysaccharide degradation,3.2.1.37
Polysaccharide degradation,3.2.1.55
Polysaccharide degradation,3.2.1.8
Polysaccharide degradation,3.2.1.99
Polysaccharide degradation,3.2.1.145
Polysaccharide degradation,3.2.1.146
Polysaccharide degradation,3.2.1.11
Polysaccharide degradation,3.2.1.57
Polysaccharide degradation,3.2.1.95
Polysaccharide degradation,3.2.1.37
Polysaccharide degradation,3.2.1.55
Polysaccharide degradation,3.2.1.8
Polysaccharide degradation,3.2.1.99
Polysaccharide degradation,3.2.1.145
Polysaccharide degradation,3.2.1.146
Polysaccharide degradation,3.2.1.4
Polysaccharide degradation,3.2.1.8
Polysaccharide degradation,3.2.1.37
Polysaccharide degradation,3.2.1.55
Polysaccharide degradation,3.2.1.73
Polysaccharide degradation,3.2.1.21
Polysaccharide degradation,3.2.1.37
Polysaccharide degradation,3.2.1.45
Polysaccharide degradation,3.2.1.52
Polysaccharide degradation,3.2.1.55
Polysaccharide degradation,3.2.1.58
Polysaccharide degradation,3.2.1.74
Polysaccharide degradation,3.2.1.120
Polysaccharide degradation,3.2.1.126
Polysaccharide degradation,3.2.1.55
Polysaccharide degradation,3.2.1.37
Polysaccharide degradation,3.2.1.55
Polysaccharide degradation,3.2.1.97
Polysaccharide degradation,3.2.1.22
Polysaccharide degradation,3.2.1.49
Polysaccharide degradation,3.2.1.94
Polysaccharide degradation,3.2.1.88
Polysaccharide degradation,3.2.1.49
Polysaccharide degradation,2.4.1.211
Polysaccharide degradation,2.4.1.247
Polysaccharide degradation,3.2.1.20
Polysaccharide degradation,3.2.1.22
Polysaccharide degradation,3.2.1.24
Polysaccharide degradation,3.2.1.84
Polysaccharide degradation,3.2.1.48
Polysaccharide degradation,3.2.1.10
Polysaccharide degradation,3.2.1.177
Polysaccharide degradation,4.2.2.13
Polysaccharide degradation,2.4.1.161
Polysaccharide degradation,3.2.1.22
Polysaccharide degradation,3.2.1.49
Polysaccharide degradation,2.4.1.67
Polysaccharide degradation,2.4.1.82
Sugar degradation,3.2.1.85
Sugar degradation,5.3.1.26
Sugar degradation,2.7.1.144
Sugar degradation,4.1.2.40
Sugar degradation,2.7.1.211
Sugar degradation,3.2.1.48
Sugar degradation,2.7.1.4
Sugar degradation,1.1.1.420
Sugar degradation,3.1.1.115
Sugar degradation,5.3.1.3
Sugar degradation,2.7.1.47
Sugar degradation,5.3.1.3
Sugar degradation,2.7.1.51
Sugar degradation,4.1.2.17
Sugar degradation,1.2.1.21
Sugar degradation,2.7.1.191
Sugar degradation,5.3.1.8
Sugar degradation,2.7.1.7
Sugar degradation,5.3.1.8
Sugar degradation,5.3.1.5
Sugar degradation,2.7.1.17
Sugar degradation,1.1.1.9
Sugar degradation,2.7.1.17
Sugar degradation,1.1.1.424
Sugar degradation,3.1.1.68
Sugar degradation,4.2.1.82
Sugar degradation,4.2.1.141
Sugar degradation,1.2.1.26
Sugar degradation,1.1.1.359
Sugar degradation,3.1.1.110
Sugar degradation,4.2.1.82
Sugar degradation,4.1.2.28
Sugar degradation,1.1.1.26
Sugar degradation,2.3.3.9
Sugar degradation,1.1.1.175
Sugar degradation,3.1.1.110
Sugar degradation,4.2.1.82
Sugar degradation,4.2.1.1.141
Sugar degradation,1.2.1.26
Sugar degradation,5.1.3.29
Sugar degradation,5.3.1.25
Sugar degradation,2.7.1.51
Sugar degradation,4.1.2.17
Sugar degradation,5.1.3.29
Sugar degradation,4.2.1.68
Sugar degradation,1.1.1.M68
Sugar degradation,3.7.1.26
Sugar degradation,5.1.3.32
Sugar degradation,5.3.1.14
Sugar degradation,2.7.1.5
Sugar degradation,4.1.2.19
Sugar degradation,1.1.1.173
Sugar degradation,1.1.1.378
Sugar degradation,3.1.1.65
Sugar degradation,4.2.1.90
Sugar degradation,4.1.2.53
Sugar degradation,1.1.1.173
Sugar degradation,1.1.1.378
Sugar degradation,3.1.1.65
Sugar degradation,4.2.1.90
Sugar degradation,1.1.1.401
Sugar degradation,3.7.1.26
Sugar degradation,K01785
Sugar degradation,K00849
Sugar degradation,K00965
Sugar degradation,K01784
Sugar degradation,4.1.3.3
Sugar degradation,5.1.3.8
Sugar degradation,4.1.3.3
Sugar degradation,2.7.1.60
Sugar degradation,5.1.3.9
Protein degradation,A1A
Protein degradation,S8A
Protein degradation,C13
Protein degradation,S1A
Protein degradation,S8B
Protein degradation,S26B
Protein degradation,S1A
Protein degradation,M10A
Protein degradation,A1A
Protein degradation,M35
Protein degradation,M9B
Protein degradation,S1B
Protein degradation,S1C
Protein degradation,C1A
Protein degradation,M12A
Protein degradation,C14A
Protein degradation,A2A
Protein degradation,C13
Protein degradation,M10C
Protein degradation,C1A
Protein degradation,M10A
Protein degradation,M12B
Protein degradation,S1A
Protein degradation,A1A
Protein degradation,C13
Protein degradation,M35
Protein degradation,M12A
Protein degradation,S1D
Protein degradation,S8A
Protein degradation,A2A
Protein degradation,M4
Protein degradation,S8B
Protein degradation,M10A
Protein degradation,S1A
Protein degradation,M23A
Protein degradation,S01C
Protein degradation,C1A
Protein degradation,S26B
Protein degradation,S8A
Protein degradation,S9A
Protein degradation,S1D
Protein degradation,M12A
Protein degradation,S1A
Protein degradation,S1B
Protein degradation,C2A
Protein degradation,C1A
Protein degradation,S1A
Protein degradation,M4
Protein degradation,C13
Protein degradation,M10A
Protein degradation,S1D
Protein degradation,M12A
Protein degradation,C2A
Protein degradation,A2A
Protein degradation,M35
Protein degradation,C14A
Amino acid degradation,4.3.1.17
Amino acid degradation,4.3.1.18
Amino acid degradation,4.3.1.19
Amino acid degradation,4.4.1.1
Amino acid degradation,4.4.1.28
Amino acid degradation,2.6.1.3
Amino acid degradation,2.8.1.2
Amino acid degradation,4.4.1.11
Amino acid degradation,2.6.1.42
Amino acid degradation,1.2.1.25
Amino acid degradation,1.3.8.5
Amino acid degradation,4.2.1.150
Amino acid degradation,3.1.2.4
Amino acid degradation,1.1.1.31
Amino acid degradation,1.2.1.27
Amino acid degradation,2.6.1.42
Amino acid degradation,4.1.1.72
Amino acid degradation,1.1.1.1
Amino acid degradation,2.6.1.42
Amino acid degradation,1.2.1.25
Amino acid degradation,1.3.8.5
Amino acid degradation,4.2.1.150
Amino acid degradation,1.1.1.178
Amino acid degradation,2.3.1.16
Amino acid degradation,2.6.1.42
Amino acid degradation,1.2.7.7
Amino acid degradation,K00826
Amino acid degradation,K00166+K00167
Amino acid degradation,K11381+K09699+K00382
Amino acid degradation,K00253
Amino acid degradation,K00249
Amino acid degradation,K01968+K01969
Amino acid degradation,K05607
Amino acid degradation,K13766
Amino acid degradation,K01640
Amino acid degradation,4.1.1.18
Amino acid degradation,2.6.1.82
Amino acid degradation,1.2.1.19
Amino acid degradation,2.6.1.48
Amino acid degradation,1.2.1.20
Amino acid degradation,1.14.11.64
Amino acid degradation,1.1.5.13
Amino acid degradation,1.13.12.2
Amino acid degradation,3.5.1.30
Amino acid degradation,1.6.1.48
Amino acid degradation,1.2.1.20
Amino acid degradation,2.8.3.13
Amino acid degradation,2.6.1.36
Amino acid degradation,1.2.1.31
Amino acid degradation,4.1.1.18
Amino acid degradation,2.6.1.82
Amino acid degradation,1.2.1.19
Amino acid degradation,2.6.1.48
Amino acid degradation,1.2.1.20
Amino acid degradation,2.8.3.13
Amino acid degradation,K01582
Amino acid degradation,K09251
Amino acid degradation,K00137
Amino acid degradation,K07250
Amino acid degradation,K00135
Amino acid degradation,K15737
Amino acid degradation,K15736
Amino acid degradation,K00468
Amino acid degradation,K01506
Amino acid degradation,K14268
Amino acid degradation,K07250
Amino acid degradation,K00135
Amino acid degradation,K15737
Amino acid degradation,K15736
Amino acid degradation,K01041
Amino acid degradation,K00252
Amino acid degradation,K01692
Amino acid degradation,K01825
Amino acid degradation,K01782
Amino acid degradation,K01825
Amino acid degradation,K01782
Amino acid degradation,K00626
Amino acid degradation,4.1.1.19
Amino acid degradation,3.5.3.11
Amino acid degradation,4.1.1.19
Amino acid degradation,3.5.3.12
Amino acid degradation,3.5.1.53
Amino acid degradation,1.13.12.1
Amino acid degradation,3.5.1.4
Amino acid degradation,3.5.3.7
Amino acid degradation,K01476
Amino acid degradation,K01581
Amino acid degradation,K00613
Amino acid degradation,K00542
Amino acid degradation,K00933
Amino acid degradation,K01583
Amino acid degradation,K01584
Amino acid degradation,K01585
Amino acid degradation,K02626
Amino acid degradation,K01480
Amino acid degradation,K01611
Amino acid degradation,K00797
Amino acid degradation,5.1.1.4
Amino acid degradation,1.21.4.1
Amino acid degradation,1.4.1.2
Amino acid degradation,1.4.1.3
Amino acid degradation,2.6.1.1
Amino acid degradation,4.3.1.1
Amino acid degradation,1.4.1.2
Amino acid degradation,1.1.1.399
Amino acid degradation,2.8.3.12
Amino acid degradation,4.2.1.167
Amino acid degradation,7.2.4.5
Amino acid degradation,5.4.99.1
Amino acid degradation,4.3.1.2
Amino acid degradation,4.2.1.34
Amino acid degradation,4.1.3.22
Amino acid degradation,4.1.1.15
Amino acid degradation,K01745
Amino acid degradation,K01712
Amino acid degradation,K01468
Amino acid degradation,K01479
Amino acid degradation,K00603
Amino acid degradation,K13990
Amino acid degradation,K05603
Amino acid degradation,K01458
Amino acid degradation,K00453
Amino acid degradation,K00463
Amino acid degradation,K01432
Amino acid degradation,K14263
Amino acid degradation,K07130
Amino acid degradation,K00486
Amino acid degradation,K01556
Amino acid degradation,K00452
Amino acid degradation,K03392
Amino acid degradation,K10217
Amino acid degradation,K23234
Amino acid degradation,4.1.99.1
Amino acid degradation,2.6.1.18
Amino acid degradation,1.2.1.18
Amino acid degradation,2.6.1.120
Amino acid degradation,1.1.1.298
Amino acid degradation,4.1.1.17
Amino acid degradation,2.6.1.82
Amino acid degradation,1.2.1.19
Amino acid degradation,6.3.1.11
Amino acid degradation,1.4.3.M3
Amino acid degradation,1.2.1.00
Amino acid degradation,3.5.1.94
Amino acid degradation,2.6.1.19
Amino acid degradation,1.2.1.24
Amino acid degradation,1.2.1.16
Amino acid degradation,2.6.1.19
Amino acid degradation,1.1.1.61
Amino acid degradation,2.8.3.M6
Amino acid degradation,4.2.1.120
Amino acid degradation,1.3.1.109
Amino acid degradation,2.8.3.1
Amino acid degradation,2.8.3.8
Nitrogen compound degradation,K00370+K00371+K00374
Nitrogen compound degradation,K02567+K02568
Nitrogen compound degradation,K00362+K00363
Nitrogen compound degradation,K03385+K15876
Nitrogen compound degradation,1.7.5.1
Nitrogen compound degradation,1.7.2.1
Nitrogen compound degradation,1.7.2.5
Nitrogen compound degradation,1.7.2.4
Nitrogen compound degradation,1.9.6.1
Nitrogen compound degradation,1.7.2.2
Nitrogen compound degradation,1.7.7.2
Nitrogen compound degradation,1.7.7.1
Nitrogen compound degradation,6.3.4.6
Nitrogen compound degradation,3.5.1.54
Nitrogen compound degradation,3.5.1.5
Nitrogen compound degradation,1.7.3.3
Nitrogen compound degradation,3.5.2.17
Nitrogen compound degradation,4.1.1.97
Nitrogen compound degradation,1.14.13.113
Nitrogen compound degradation,3.5.2.17
Nitrogen compound degradation,4.1.1.97
Nitrogen compound degradation,2.7.1.59
Nitrogen compound degradation,3.5.1.25
Nitrogen compound degradation,3.5.99.6
Nitrogen compound degradation,3.5.1.25
Nitrogen compound degradation,3.5.99.6
Nitrogen compound degradation,3.5.2.5
Nitrogen compound degradation,3.5.3.9
Nitrogen compound degradation,3.5.3.26
Nitrogen compound degradation,1.1.1.350
Nitrogen compound degradation,1.1.1.154
Nitrogen compound degradation,2.1.3.5
Nitrogen compound degradation,3.5.2.5
Nitrogen compound degradation,3.5.3.4
Nitrogen compound degradation,4.3.2.3
Nitrogen compound degradation,3.5.2.5
Nitrogen compound degradation,3.5.3.9
Nitrogen compound degradation,3.5.3.26
Nitrogen compound degradation,4.3.2.3
Nitrogen compound degradation,3.5.4.21
Nitrogen compound degradation,3.5.2.14
Nitrogen compound degradation,3.5.1.59
Nitrogen compound degradation,1.5.3.1
Nitrogen compound degradation,2.1.1.5
Nitrogen compound degradation,1.5.3.10
Nitrogen compound degradation,1.5.3.24
Nitrogen compound degradation,1.5.3.1
Nitrogen compound degradation,1.14.13.239
Nitrogen compound degradation,1.2.1.4
Nitrogen compound degradation,1.1.1.38
Nitrogen compound degradation,1.4.9.1
Nitrogen compound degradation,6.3.4.12
Nitrogen compound degradation,2.1.1.21
Nitrogen compound degradation,1.5.99.5
Nitrogen compound degradation,1.4.3.4
Nitrogen compound degradation,1.4.3.21
Nitrogen compound degradation,1.2.1.39
Nitrogen compound degradation,2.6.1.77
Nitrogen compound degradation,1.2.1.3
Nitrogen compound degradation,2.6.1.77
Nitrogen compound degradation,2.5.1.55
Alcohol degradation,1.1.1.4
Alcohol degradation,1.1.1.76
Alcohol degradation,1.1.1.1
Alcohol degradation,1.2.1.10
Alcohol degradation,1.1.1.1
Alcohol degradation,1.2.1.3
Alcohol degradation,6.2.1.1
Alcohol degradation,2.7.1.30
Alcohol degradation,1.1.5.3
Alcohol degradation,1.1.1.6
Alcohol degradation,2.7.1.29
Alcohol degradation,4.2.1.30
Alcohol degradation,1.1.1.202
Alcohol degradation,1.1.1.6
Alcohol degradation,2.7.1.121
Alcohol degradation,4.2.1.28
Alcohol degradation,1.1.1.1
Alcohol degradation,1.2.1.87
Alcohol degradation,2.3.1.222
Alcohol degradation,2.7.2.1
Alcohol degradation,2.7.2.7
Alcohol degradation,2.7.2.14
Alcohol degradation,2.7.2.15
Alcohol degradation,1.1.1.77
Alcohol degradation,1.2.1.21
Alcohol degradation,1.1.1.1
Alcohol degradation,1.2.1.3
Alcohol degradation,6.2.1.3
Alcohol degradation,1.3.1.38
Alcohol degradation,1.1.2.6
Xenobiotic degradation,K15760+K15761+K15763+K15764
Xenobiotic degradation,K00055
Xenobiotic degradation,K00141
Xenobiotic degradation,K07540
Xenobiotic degradation,K07543+K07544
Xenobiotic degradation,K07545
Xenobiotic degradation,K07546
Xenobiotic degradation,K07547+K07548
Xenobiotic degradation,K07549+K07550
Xenobiotic degradation,K15757+K15758
Xenobiotic degradation,K00055
Xenobiotic degradation,K00141
Xenobiotic degradation,K16249+K16243+K16244+K16242+K16245+K16246
Xenobiotic degradation,K05549+K05550+K05784
Xenobiotic degradation,K05783
Xenobiotic degradation,K04116
Xenobiotic degradation,K04117
Xenobiotic degradation,K07534
Xenobiotic degradation,K07535
Xenobiotic degradation,K07536
Xenobiotic degradation,K05599+K05600+K11311
Xenobiotic degradation,K16319+K16320+K18248+K18249
Xenobiotic degradation,K03381
Xenobiotic degradation,K01856
Xenobiotic degradation,K03464
Xenobiotic degradation,K01055
Xenobiotic degradation,K14727
Xenobiotic degradation,K00446
Xenobiotic degradation,K07104
Xenobiotic degradation,K10217
Xenobiotic degradation,K01821
Xenobiotic degradation,K01617
Xenobiotic degradation,K10216
Xenobiotic degradation,K18364
Xenobiotic degradation,K02554
Xenobiotic degradation,K18365
Xenobiotic degradation,K01666
Xenobiotic degradation,K18366
Xenobiotic degradation,K04073
Xenobiotic degradation,K10619+K16303+K16304+K18227
Xenobiotic degradation,K10620
Xenobiotic degradation,K10621
Xenobiotic degradation,K10622
Xenobiotic degradation,K10623
Xenobiotic degradation,K08689+K15750+K18087+K18088
Xenobiotic degradation,K08690
Xenobiotic degradation,K00462
Xenobiotic degradation,K10222
Xenobiotic degradation,K15751
Xenobiotic degradation,K15754+K15755
Xenobiotic degradation,K15756
Xenobiotic degradation,K04112+K04113+K04114+K04115
Xenobiotic degradation,K19515+K19516
Xenobiotic degradation,K07537
Xenobiotic degradation,K07538
Xenobiotic degradation,K07539
Xenobiotic degradation,K14579+K14580+K14578+K14581
Xenobiotic degradation,K14582
Xenobiotic degradation,K14583
Xenobiotic degradation,K14584
Xenobiotic degradation,K14585
Xenobiotic degradation,K00152
Xenobiotic degradation,K18242+K18243+K14578+K14581
Xenobiotic degradation,K18074+K18075+K18077
Xenobiotic degradation,K18076
Xenobiotic degradation,K18068+K18069
Xenobiotic degradation,K18067
Xenobiotic degradation,K04102
Xenobiotic degradation,K01912
Xenobiotic degradation,K02609+K02610+K02611+K02612+K02613
Xenobiotic degradation,K15866
Xenobiotic degradation,K02618
Xenobiotic degradation,K02615
Xenobiotic degradation,K01692
Xenobiotic degradation,K00074
Xenobiotic degradation,K05708+K05709+K05710+K00529
Xenobiotic degradation,K05711
Xenobiotic degradation,K05712
Xenobiotic degradation,K05713
Xenobiotic degradation,K05714
Xenobiotic degradation,K02554
Xenobiotic degradation,K01666
Xenobiotic degradation,K04073
Xenobiotic degradation,K21722
Xenobiotic degradation,K21723
Xenobiotic degradation,K21724
Xenobiotic degradation,4.99.1.2
Xenobiotic degradation,1.16.1.1
Antibiotic degradation,K18698
Antibiotic degradation,K18699
Antibiotic degradation,K18796
Antibiotic degradation,K18767
Antibiotic degradation,K18797
Antibiotic degradation,K19097
Antibiotic degradation,K19317
Antibiotic degradation,K18768
Antibiotic degradation,K18970
Antibiotic degradation,K19316
Antibiotic degradation,K22346
Antibiotic degradation,K18795
Antibiotic degradation,K19218
Antibiotic degradation,K19217
Antibiotic degradation,K17836
Antibiotic degradation,K18766
Antibiotic degradation,K17837
Antibiotic degradation,K18782
Antibiotic degradation,K18781
Antibiotic degradation,K18780
Antibiotic degradation,K19099
Antibiotic degradation,K19216
Antibiotic degradation,K19095
Antibiotic degradation,K19096
Antibiotic degradation,K19100
Antibiotic degradation,K19101
Antibiotic degradation,K19214
Antibiotic degradation,K19215
Antibiotic degradation,K20319
Antibiotic degradation,K20320
Antibiotic degradation,K01467
Antibiotic degradation,K17838
Antibiotic degradation,K18790
Antibiotic degradation,K18791
Antibiotic degradation,K19098
Antibiotic degradation,K18792
Antibiotic degradation,K19213
Antibiotic degradation,K21276
Antibiotic degradation,K18793
Antibiotic degradation,K18971
Antibiotic degradation,K22352
Antibiotic degradation,K19209
Antibiotic degradation,K18976
Antibiotic degradation,K18973
Antibiotic degradation,K18794
Antibiotic degradation,K18972
Antibiotic degradation,K21277
Antibiotic degradation,K19210
Antibiotic degradation,K19211
Antibiotic degradation,K19212
Antibiotic degradation,K22335
Antibiotic degradation,K19319
Antibiotic degradation,K22331
Antibiotic degradation,K22351
Antibiotic degradation,K19320
Antibiotic degradation,K19318
Antibiotic degradation,K19321
Antibiotic degradation,K19322
Antibiotic degradation,K21266
Antibiotic degradation,K22334
Antibiotic degradation,K22333
Antibiotic degradation,K22332
Antibiotic degradation,K19349
Antibiotic degradation,K19350
Antibiotic degradation,K21252
Antibiotic degradation,K08151
Antibiotic degradation,K08168
Antibiotic degradation,K18214
Antibiotic degradation,K18218
Antibiotic degradation,K18220
Antibiotic degradation,K18221
Antibiotic degradation,K06979
Antibiotic degradation,K08217
Antibiotic degradation,K18230
Antibiotic degradation,K18231
Antibiotic degradation,K21251
Antibiotic degradation,K00638
Antibiotic degradation,K08160
Antibiotic degradation,K18552
Antibiotic degradation,K18553
Antibiotic degradation,K18554
Antibiotic degradation,K19271
Antibiotic degradation,K18236
Antibiotic degradation,K19349
Antibiotic degradation,K19350
Antibiotic degradation,K19545
Antibiotic degradation,K19273
Antibiotic degradation,K20816
Cellular structure,2.5.1.7
Cellular structure,1.3.1.98
Cellular structure,6.3.2.8
Cellular structure,6.3.2.9
Cellular structure,6.3.2.13
Cellular structure,6.3.2.10
Cellular structure,2.7.8.13
Cellular structure,2.4.1.227
Cellular structure,2.4.1.129
Cellular structure,2.5.1.7
Cellular structure,1.3.1.98
Cellular structure,6.3.2.8
Cellular structure,6.3.2.9
Cellular structure,6.3.2.7
Cellular structure,6.3.2.10
Cellular structure,2.7.8.13
Cellular structure,2.4.1.227
Cellular structure,6.3.5.13
Cellular structure,6.3.1.12
Cellular structure,2.4.1.129
Cellular structure,3.4.16.4
Cellular structure,2.5.1.7
Cellular structure,1.3.1.98
Cellular structure,6.3.2.8
Cellular structure,6.3.2.53
Cellular structure,5.1.1.23
Cellular structure,6.3.2.9
Cellular structure,6.3.2.13
Cellular structure,6.3.2.4
Cellular structure,6.3.2.10
Cellular structure,2.7.1.66
Cellular structure,2.7.8.13
Cellular structure,2.4.1.227
Cellular structure,3.6.1.27
Cellular structure,2.7.8.33
Cellular structure,2.4.1.187
Cellular structure,2.7.8.44
Cellular structure,2.7.8.12
Cellular structure,2.4.1.52
Cellular structure,2.7.8.46
Cellular structure,2.7.8.47
Cellular structure,2.4.1.53
Cellular structure,2.7.8.45
Cellular structure,2.7.8.14
Cellular structure,2.4.1.70
Cellular structure,2.4.1.355
Cellular structure,6.1.1.13
Cellular structure,2.4.1.315
Cellular structure,2.7.8.20
Cellular structure,2.4.1.337
Cellular structure,6.1.1.13
Cellular structure,2.3.1.129
Cellular structure,3.5.1.108
Cellular structure,2.3.1.191
Cellular structure,2.4.1.182
Cellular structure,2.7.1.130
Cellular structure,2.4.99.12
Cellular structure,2.4.99.13
Cellular structure,2.3.1.241
Cellular structure,2.3.1.243
Cellular structure,K00677
Cellular structure,K02535
Cellular structure,K02536
Cellular structure,K03269
Cellular structure,K09949
Cellular structure,K00748
Cellular structure,K00912
Cellular structure,K02527
Cellular structure,K02517
Cellular structure,K02560
Cellular structure,5.3.1.28
Cellular structure,2.7.1.167
Cellular structure,3.1.3.82
Cellular structure,2.7.7.70
Cellular structure,5.1.3.20
Cellular structure,K03271
Cellular structure,K03272
Cellular structure,K21344
Cellular structure,K03273
Cellular structure,K03272
Cellular structure,K21345
Cellular structure,K03274
Appendages,K02411
Appendages,K02412
Appendages,K02413
Appendages,K02418
Appendages,K02419
Appendages,K02420
Appendages,K02421
Appendages,K13820
Appendages,K02400
Appendages,K02401
Appendages,K03516
Appendages,K02410
Appendages,K02416
Appendages,K02417
Appendages,K02409
Appendages,K02394
Appendages,K02386
Appendages,K02393
Appendages,K02415
Appendages,K02408
Appendages,K02414
Appendages,K02387
Appendages,K02388
Appendages,K02389
Appendages,K02391
Appendages,K02392
Appendages,K02395
Appendages,K02390
Appendages,K02396
Appendages,K02397
Appendages,K02399
Appendages,K24343
Appendages,K24344
Appendages,K24344
Appendages,K09860
Appendages,K24346
Appendages,K21217
Appendages,K21218
Appendages,K18475
Appendages,K02406
Appendages,K02407
Appendages,K02422
Appendages,K02423
Appendages,K02403
Appendages,K02402
Appendages,K02405
Appendages,K02556
Appendages,K02557
Appendages,K10564
Appendages,K10565
Appendages,K02411
Appendages,K02412
Appendages,K02413
Appendages,K02418
Appendages,K02419
Appendages,K02420
Appendages,K02421
Appendages,K13820
Appendages,K02400
Appendages,K02401
Appendages,K03516
Appendages,K02410
Appendages,K02416
Appendages,K02417
Appendages,K02409
Appendages,K02394
Appendages,K02386
Appendages,K02393
Appendages,K02415
Appendages,K02408
Appendages,K02414
Appendages,K02387
Appendages,K02388
Appendages,K02389
Appendages,K02391
Appendages,K02392
Appendages,K02395
Appendages,K02390
Appendages,K02396
Appendages,K02397
Appendages,K02399
Appendages,K18475
Appendages,K02406
Appendages,K02407
Appendages,K02422
Appendages,K02423
Appendages,K02403
Appendages,K02402
Appendages,K02405
Appendages,K02556
Appendages,K02557
Appendages,K10564
Appendages,K10565
Appendages,K02666
Appendages,K02656
Appendages,K02653
Appendages,K02652
Appendages,K02669
Appendages,K02662
Appendages,K02663
Appendages,K02664
Appendages,K02665
Appendages,K02650
Appendages,K02671
Appendages,K02672
Appendages,K02673
Appendages,K02655
Appendages,K02674
Appendages,K07350
Appendages,K07349
Appendages,K07348
Appendages,K07345
Appendages,K12522
Appendages,K12521
Appendages,K12520
Appendages,K12523
Appendages,K12517
Spore,K07699
Spore,K03091
Spore,K06378
Spore,K06379
Spore,K06382
Spore,K06383
Spore,K06387
Spore,K06374
Spore,K06390
Spore,K06392
Spore,K06393
Spore,K06394
Spore,K06396
Spore,K06397
Spore,K06398
Spore,K06399
Spore,K06405
Spore,K06407
Spore,K06409
Spore,K04769
Spore,K06438
